Country,Indicator,Year,Value
Albania,MD per 10k,1990,13.71
Albania,MD per 10k,1991,14.52
Albania,MD per 10k,1992,15.93
Albania,MD per 10k,1993,13.68
Albania,MD per 10k,1994,12.85
Albania,MD per 10k,1995,12.92
Albania,MD per 10k,1996,13.08
Albania,MD per 10k,1997,13.23
Albania,MD per 10k,1998,13.38
Albania,MD per 10k,2000,13.59
Albania,MD per 10k,2001,13.0
Albania,MD per 10k,2002,11.7
Albania,MD per 10k,2003,11.96
Albania,MD per 10k,2004,12.08
Albania,MD per 10k,2006,12.07
Albania,MD per 10k,2007,12.18
Albania,MD per 10k,2009,12.48
Albania,MD per 10k,2010,12.49
Albania,MD per 10k,2011,12.34
Albania,MD per 10k,2012,12.78
Albania,MD per 10k,2013,12.85
Albania,MD per 10k,2016,12.19
Albania,MD per 10k,2018,21.63
Albania,MD per 10k,2019,16.51
Albania,MD per 10k,2020,18.83
Algeria,MD per 10k,2002,11.18
Algeria,MD per 10k,2005,10.3
Algeria,MD per 10k,2007,12.02
Algeria,MD per 10k,2016,18.42
Algeria,MD per 10k,2018,17.32
Andorra,MD per 10k,1995,22.73
Andorra,MD per 10k,1997,24.42
Andorra,MD per 10k,1998,24.85
Andorra,MD per 10k,2000,25.42
Andorra,MD per 10k,2001,25.81
Andorra,MD per 10k,2002,28.67
Andorra,MD per 10k,2003,33.02
Andorra,MD per 10k,2004,31.08
Andorra,MD per 10k,2005,31.96
Andorra,MD per 10k,2006,30.42
Andorra,MD per 10k,2007,31.84
Andorra,MD per 10k,2009,36.0
Andorra,MD per 10k,2015,36.26
Angola,MD per 10k,1997,0.59
Angola,MD per 10k,2004,0.62
Angola,MD per 10k,2009,1.31
Angola,MD per 10k,2017,2.12
Angola,MD per 10k,2018,2.11
Antigua and Barbuda,MD per 10k,1999,1.63
Antigua and Barbuda,MD per 10k,2007,17.56
Antigua and Barbuda,MD per 10k,2008,5.4
Antigua and Barbuda,MD per 10k,2017,28.98
Argentina,MD per 10k,1992,26.45
Argentina,MD per 10k,1998,30.03
Argentina,MD per 10k,2015,39.73
Argentina,MD per 10k,2016,39.87
Argentina,MD per 10k,2017,39.79
Argentina,MD per 10k,2020,38.95
Armenia,MD per 10k,2000,26.16
Armenia,MD per 10k,2001,25.5
Armenia,MD per 10k,2002,25.05
Armenia,MD per 10k,2003,24.04
Armenia,MD per 10k,2004,24.08
Armenia,MD per 10k,2005,25.09
Armenia,MD per 10k,2006,25.31
Armenia,MD per 10k,2007,26.09
Armenia,MD per 10k,2008,26.74
Armenia,MD per 10k,2009,26.97
Armenia,MD per 10k,2010,27.75
Armenia,MD per 10k,2011,28.16
Armenia,MD per 10k,2012,28.67
Armenia,MD per 10k,2013,28.99
Armenia,MD per 10k,2014,29.15
Armenia,MD per 10k,2015,29.62
Armenia,MD per 10k,2017,45.46
Australia,MD per 10k,1990,21.7
Australia,MD per 10k,1991,23.36
Australia,MD per 10k,1992,23.74
Australia,MD per 10k,1993,23.99
Australia,MD per 10k,1994,24.38
Australia,MD per 10k,1995,24.76
Australia,MD per 10k,1996,24.03
Australia,MD per 10k,1997,24.01
Australia,MD per 10k,1998,24.02
Australia,MD per 10k,1999,24.47
Australia,MD per 10k,2000,24.91
Australia,MD per 10k,2001,25.66
Australia,MD per 10k,2002,25.62
Australia,MD per 10k,2003,26.31
Australia,MD per 10k,2004,27.08
Australia,MD per 10k,2005,27.8
Australia,MD per 10k,2006,28.42
Australia,MD per 10k,2007,30.08
Australia,MD per 10k,2008,30.18
Australia,MD per 10k,2009,31.21
Australia,MD per 10k,2010,33.64
Australia,MD per 10k,2011,33.14
Australia,MD per 10k,2012,33.11
Australia,MD per 10k,2013,33.74
Australia,MD per 10k,2014,34.5
Australia,MD per 10k,2015,35.05
Australia,MD per 10k,2016,35.77
Australia,MD per 10k,2017,36.77
Australia,MD per 10k,2018,37.47
Australia,MD per 10k,2019,38.27
Australia,MD per 10k,2020,41.02
Austria,MD per 10k,1990,30.09
Austria,MD per 10k,1991,30.88
Austria,MD per 10k,1992,32.13
Austria,MD per 10k,1993,32.96
Austria,MD per 10k,1994,34.08
Austria,MD per 10k,1995,35.12
Austria,MD per 10k,1996,35.89
Austria,MD per 10k,1997,36.68
Austria,MD per 10k,1998,37.95
Austria,MD per 10k,1999,37.89
Austria,MD per 10k,2000,38.78
Austria,MD per 10k,2001,39.9
Austria,MD per 10k,2002,40.61
Austria,MD per 10k,2003,41.46
Austria,MD per 10k,2004,42.33
Austria,MD per 10k,2005,43.5
Austria,MD per 10k,2006,44.78
Austria,MD per 10k,2007,45.63
Austria,MD per 10k,2008,46.28
Austria,MD per 10k,2009,47.23
Austria,MD per 10k,2010,48.29
Austria,MD per 10k,2011,48.76
Austria,MD per 10k,2012,49.28
Austria,MD per 10k,2013,50.19
Austria,MD per 10k,2014,50.77
Austria,MD per 10k,2015,51.25
Austria,MD per 10k,2016,51.3
Austria,MD per 10k,2017,51.83
Austria,MD per 10k,2018,52.41
Austria,MD per 10k,2019,53.18
Austria,MD per 10k,2020,53.52
Austria,MD per 10k,2021,54.59
Azerbaijan,MD per 10k,1990,37.01
Azerbaijan,MD per 10k,1991,37.32
Azerbaijan,MD per 10k,1992,36.87
Azerbaijan,MD per 10k,1993,37.24
Azerbaijan,MD per 10k,1994,36.84
Azerbaijan,MD per 10k,1995,37.03
Azerbaijan,MD per 10k,1996,36.73
Azerbaijan,MD per 10k,1997,36.09
Azerbaijan,MD per 10k,1998,35.41
Azerbaijan,MD per 10k,1999,35.16
Azerbaijan,MD per 10k,2000,35.45
Azerbaijan,MD per 10k,2001,35.12
Azerbaijan,MD per 10k,2002,35.21
Azerbaijan,MD per 10k,2003,35.08
Azerbaijan,MD per 10k,2004,35.12
Azerbaijan,MD per 10k,2005,35.33
Azerbaijan,MD per 10k,2006,35.11
Azerbaijan,MD per 10k,2007,36.48
Azerbaijan,MD per 10k,2008,36.12
Azerbaijan,MD per 10k,2009,35.96
Azerbaijan,MD per 10k,2010,35.82
Azerbaijan,MD per 10k,2011,33.59
Azerbaijan,MD per 10k,2012,34.09
Azerbaijan,MD per 10k,2013,33.73
Azerbaijan,MD per 10k,2014,33.62
Azerbaijan,MD per 10k,2015,32.91
Azerbaijan,MD per 10k,2016,32.27
Azerbaijan,MD per 10k,2017,31.64
Azerbaijan,MD per 10k,2018,32.0
Azerbaijan,MD per 10k,2019,31.11
Bahamas,MD per 10k,1998,9.89
Bahamas,MD per 10k,2008,26.1
Bahamas,MD per 10k,2011,21.96
Bahamas,MD per 10k,2017,18.55
Bahrain,MD per 10k,2000,9.53
Bahrain,MD per 10k,2001,10.16
Bahrain,MD per 10k,2002,10.58
Bahrain,MD per 10k,2003,10.48
Bahrain,MD per 10k,2004,9.63
Bahrain,MD per 10k,2005,10.29
Bahrain,MD per 10k,2006,10.01
Bahrain,MD per 10k,2007,10.11
Bahrain,MD per 10k,2008,9.93
Bahrain,MD per 10k,2009,9.74
Bahrain,MD per 10k,2010,9.71
Bahrain,MD per 10k,2011,9.97
Bahrain,MD per 10k,2012,10.16
Bahrain,MD per 10k,2013,9.94
Bahrain,MD per 10k,2014,9.76
Bahrain,MD per 10k,2015,9.32
Bahrain,MD per 10k,2016,8.42
Bangladesh,MD per 10k,2001,2.47
Bangladesh,MD per 10k,2003,2.68
Bangladesh,MD per 10k,2004,2.77
Bangladesh,MD per 10k,2005,3.04
Bangladesh,MD per 10k,2006,3.13
Bangladesh,MD per 10k,2007,3.26
Bangladesh,MD per 10k,2008,3.39
Bangladesh,MD per 10k,2009,3.53
Bangladesh,MD per 10k,2010,3.62
Bangladesh,MD per 10k,2011,3.82
Bangladesh,MD per 10k,2012,3.97
Bangladesh,MD per 10k,2013,4.18
Bangladesh,MD per 10k,2014,4.84
Bangladesh,MD per 10k,2015,4.81
Bangladesh,MD per 10k,2016,4.92
Bangladesh,MD per 10k,2017,5.36
Bangladesh,MD per 10k,2018,5.73
Bangladesh,MD per 10k,2019,6.27
Bangladesh,MD per 10k,2020,6.56
Bangladesh,MD per 10k,2021,6.7
Barbados,MD per 10k,1995,13.65
Barbados,MD per 10k,2000,13.79
Barbados,MD per 10k,2001,15.83
Barbados,MD per 10k,2005,18.15
Barbados,MD per 10k,2017,25.5
Belarus,MD per 10k,2011,46.18
Belarus,MD per 10k,2012,46.97
Belarus,MD per 10k,2013,47.19
Belarus,MD per 10k,2014,48.77
Belarus,MD per 10k,2015,50.51
Belarus,MD per 10k,2016,42.77
Belarus,MD per 10k,2017,43.3
Belarus,MD per 10k,2018,43.86
Belarus,MD per 10k,2019,44.34
Belgium,MD per 10k,1990,32.68
Belgium,MD per 10k,1991,33.31
Belgium,MD per 10k,1992,34.01
Belgium,MD per 10k,1993,34.59
Belgium,MD per 10k,1994,35.24
Belgium,MD per 10k,1995,35.58
Belgium,MD per 10k,1996,36.2
Belgium,MD per 10k,1997,36.88
Belgium,MD per 10k,1998,37.4
Belgium,MD per 10k,1999,28.01
Belgium,MD per 10k,2000,28.25
Belgium,MD per 10k,2001,28.42
Belgium,MD per 10k,2002,28.52
Belgium,MD per 10k,2003,28.5
Belgium,MD per 10k,2004,28.59
Belgium,MD per 10k,2005,28.6
Belgium,MD per 10k,2006,28.76
Belgium,MD per 10k,2007,28.97
Belgium,MD per 10k,2008,29.16
Belgium,MD per 10k,2009,29.24
Belgium,MD per 10k,2010,29.25
Belgium,MD per 10k,2011,29.38
Belgium,MD per 10k,2012,29.54
Belgium,MD per 10k,2013,29.72
Belgium,MD per 10k,2014,29.84
Belgium,MD per 10k,2015,30.25
Belgium,MD per 10k,2016,30.78
Belgium,MD per 10k,2017,30.8
Belgium,MD per 10k,2018,31.24
Belgium,MD per 10k,2019,31.57
Belgium,MD per 10k,2020,32.08
Belgium,MD per 10k,2021,62.57
Belize,MD per 10k,2000,10.44
Belize,MD per 10k,2009,7.67
Belize,MD per 10k,2012,11.48
Belize,MD per 10k,2017,11.26
Belize,MD per 10k,2018,10.81
Benin,MD per 10k,2004,0.39
Benin,MD per 10k,2008,0.61
Benin,MD per 10k,2010,0.54
Benin,MD per 10k,2011,0.56
Benin,MD per 10k,2016,0.46
Benin,MD per 10k,2018,0.76
Benin,MD per 10k,2019,0.62
Bhutan,MD per 10k,2004,1.82
Bhutan,MD per 10k,2007,2.11
Bhutan,MD per 10k,2008,2.48
Bhutan,MD per 10k,2012,2.69
Bhutan,MD per 10k,2013,2.79
Bhutan,MD per 10k,2014,3.31
Bhutan,MD per 10k,2015,3.38
Bhutan,MD per 10k,2016,3.99
Bhutan,MD per 10k,2017,3.1
Bhutan,MD per 10k,2018,4.2
Bhutan,MD per 10k,2019,3.35
Bhutan,MD per 10k,2020,4.84
Bhutan,MD per 10k,2021,5.6
Bolivia,MD per 10k,2001,11.81
Bolivia,MD per 10k,2007,3.26
Bolivia,MD per 10k,2010,4.31
Bolivia,MD per 10k,2011,4.59
Bolivia,MD per 10k,2016,15.58
Bolivia,MD per 10k,2017,10.08
Botswana,MD per 10k,1998,2.56
Botswana,MD per 10k,1999,3.0
Botswana,MD per 10k,2000,2.89
Botswana,MD per 10k,2001,2.9
Botswana,MD per 10k,2002,2.99
Botswana,MD per 10k,2003,2.88
Botswana,MD per 10k,2004,3.85
Botswana,MD per 10k,2005,2.46
Botswana,MD per 10k,2006,3.06
Botswana,MD per 10k,2007,3.6
Botswana,MD per 10k,2008,3.57
Botswana,MD per 10k,2009,3.38
Botswana,MD per 10k,2010,3.92
Botswana,MD per 10k,2011,3.84
Botswana,MD per 10k,2012,3.77
Botswana,MD per 10k,2016,3.53
Botswana,MD per 10k,2018,3.48
Brazil,MD per 10k,1990,10.74
Brazil,MD per 10k,1992,11.28
Brazil,MD per 10k,1993,11.55
Brazil,MD per 10k,1994,11.84
Brazil,MD per 10k,1995,12.14
Brazil,MD per 10k,1996,12.45
Brazil,MD per 10k,1997,12.81
Brazil,MD per 10k,1998,12.67
Brazil,MD per 10k,1999,13.64
Brazil,MD per 10k,2011,18.43
Brazil,MD per 10k,2013,18.76
Brazil,MD per 10k,2017,21.58
Brazil,MD per 10k,2019,23.03
Brazil,MD per 10k,2021,21.42
Brunei,MD per 10k,2000,10.06
Brunei,MD per 10k,2002,11.51
Brunei,MD per 10k,2004,12.84
Brunei,MD per 10k,2005,10.64
Brunei,MD per 10k,2006,10.7
Brunei,MD per 10k,2007,10.38
Brunei,MD per 10k,2008,14.67
Brunei,MD per 10k,2009,11.4
Brunei,MD per 10k,2010,14.21
Brunei,MD per 10k,2011,15.14
Brunei,MD per 10k,2012,14.66
Brunei,MD per 10k,2013,15.93
Brunei,MD per 10k,2014,14.86
Brunei,MD per 10k,2015,17.54
Brunei,MD per 10k,2017,15.87
Brunei,MD per 10k,2021,19.13
Bulgaria,MD per 10k,1990,32.5
Bulgaria,MD per 10k,1991,30.68
Bulgaria,MD per 10k,1992,31.19
Bulgaria,MD per 10k,1993,33.05
Bulgaria,MD per 10k,1994,32.86
Bulgaria,MD per 10k,1995,34.29
Bulgaria,MD per 10k,1996,35.22
Bulgaria,MD per 10k,1997,34.45
Bulgaria,MD per 10k,1998,34.58
Bulgaria,MD per 10k,2000,33.99
Bulgaria,MD per 10k,2001,33.84
Bulgaria,MD per 10k,2002,34.72
Bulgaria,MD per 10k,2003,35.53
Bulgaria,MD per 10k,2004,34.84
Bulgaria,MD per 10k,2005,36.05
Bulgaria,MD per 10k,2006,36.17
Bulgaria,MD per 10k,2007,36.12
Bulgaria,MD per 10k,2008,35.77
Bulgaria,MD per 10k,2009,36.61
Bulgaria,MD per 10k,2010,36.83
Bulgaria,MD per 10k,2011,37.63
Bulgaria,MD per 10k,2012,38.19
Bulgaria,MD per 10k,2013,38.88
Bulgaria,MD per 10k,2014,39.07
Bulgaria,MD per 10k,2015,39.73
Bulgaria,MD per 10k,2018,41.68
Burkina Faso,MD per 10k,2004,0.53
Burkina Faso,MD per 10k,2008,0.31
Burkina Faso,MD per 10k,2009,0.43
Burkina Faso,MD per 10k,2010,0.44
Burkina Faso,MD per 10k,2011,0.37
Burkina Faso,MD per 10k,2012,0.46
Burkina Faso,MD per 10k,2013,0.46
Burkina Faso,MD per 10k,2014,0.47
Burkina Faso,MD per 10k,2015,0.64
Burkina Faso,MD per 10k,2016,0.62
Burkina Faso,MD per 10k,2017,0.82
Burkina Faso,MD per 10k,2018,0.83
Burkina Faso,MD per 10k,2019,0.91
Burundi,MD per 10k,2004,0.28
Burundi,MD per 10k,2010,0.46
Burundi,MD per 10k,2011,0.38
Burundi,MD per 10k,2012,0.51
Burundi,MD per 10k,2013,0.55
Burundi,MD per 10k,2014,0.58
Burundi,MD per 10k,2015,0.47
Burundi,MD per 10k,2017,0.97
Burundi,MD per 10k,2018,0.94
Burundi,MD per 10k,2020,0.7
Burundi,MD per 10k,2021,0.65
Cabo Verde,MD per 10k,2009,4.87
Cabo Verde,MD per 10k,2010,5.6
Cabo Verde,MD per 10k,2011,5.54
Cabo Verde,MD per 10k,2012,4.87
Cabo Verde,MD per 10k,2013,5.71
Cabo Verde,MD per 10k,2015,7.43
Cabo Verde,MD per 10k,2016,7.31
Cabo Verde,MD per 10k,2018,7.91
Cambodia,MD per 10k,1996,1.12
Cambodia,MD per 10k,1998,1.47
Cambodia,MD per 10k,2000,1.69
Cambodia,MD per 10k,2008,2.43
Cambodia,MD per 10k,2009,2.37
Cambodia,MD per 10k,2010,2.29
Cambodia,MD per 10k,2011,2.26
Cambodia,MD per 10k,2012,1.65
Cambodia,MD per 10k,2014,1.94
Cambodia,MD per 10k,2019,2.14
Cameroon,MD per 10k,2004,1.86
Cameroon,MD per 10k,2005,0.61
Cameroon,MD per 10k,2007,0.72
Cameroon,MD per 10k,2009,0.7
Cameroon,MD per 10k,2010,0.86
Cameroon,MD per 10k,2011,0.9
Cameroon,MD per 10k,2018,1.3
Cameroon,MD per 10k,2020,0.97
Cameroon,MD per 10k,2021,1.24
Canada,MD per 10k,2018,24.28
Canada,MD per 10k,2019,24.35
Canada,MD per 10k,2020,24.33
Canada,MD per 10k,2021,24.64
Central African Republic,MD per 10k,2004,0.8
Central African Republic,MD per 10k,2009,0.45
Central African Republic,MD per 10k,2015,0.67
Central African Republic,MD per 10k,2018,0.66
Chad,MD per 10k,1997,0.26
Chad,MD per 10k,1998,0.2
Chad,MD per 10k,1999,0.29
Chad,MD per 10k,2000,0.29
Chad,MD per 10k,2004,0.36
Chad,MD per 10k,2006,0.36
Chad,MD per 10k,2012,0.41
Chad,MD per 10k,2013,0.43
Chad,MD per 10k,2014,0.44
Chad,MD per 10k,2015,0.49
Chad,MD per 10k,2016,0.37
Chad,MD per 10k,2017,0.43
Chad,MD per 10k,2018,0.52
Chad,MD per 10k,2019,0.53
Chad,MD per 10k,2020,0.6
Chad,MD per 10k,2021,0.58
Chile,MD per 10k,1992,9.9
Chile,MD per 10k,2002,8.92
Chile,MD per 10k,2003,9.46
Chile,MD per 10k,2004,9.84
Chile,MD per 10k,2005,9.81
Chile,MD per 10k,2006,10.42
Chile,MD per 10k,2007,10.39
Chile,MD per 10k,2008,10.42
Chile,MD per 10k,2009,10.33
Chile,MD per 10k,2010,14.38
Chile,MD per 10k,2011,15.91
Chile,MD per 10k,2012,17.53
Chile,MD per 10k,2013,18.87
Chile,MD per 10k,2014,20.36
Chile,MD per 10k,2015,21.59
Chile,MD per 10k,2016,23.1
Chile,MD per 10k,2017,24.55
Chile,MD per 10k,2018,25.95
Chile,MD per 10k,2019,26.49
Chile,MD per 10k,2020,28.08
Chile,MD per 10k,2021,29.73
China,MD per 10k,1990,11.29
China,MD per 10k,1995,11.94
China,MD per 10k,1996,12.01
China,MD per 10k,1997,12.16
China,MD per 10k,1998,12.14
China,MD per 10k,1999,12.44
China,MD per 10k,2000,12.68
China,MD per 10k,2001,12.87
China,MD per 10k,2002,11.43
China,MD per 10k,2003,11.9
China,MD per 10k,2004,12.2
China,MD per 10k,2005,12.44
China,MD per 10k,2006,12.78
China,MD per 10k,2007,12.98
China,MD per 10k,2008,13.47
China,MD per 10k,2009,14.23
China,MD per 10k,2010,14.63
China,MD per 10k,2011,14.89
China,MD per 10k,2012,15.65
China,MD per 10k,2013,16.61
China,MD per 10k,2014,17.15
China,MD per 10k,2015,18.0
China,MD per 10k,2016,18.91
China,MD per 10k,2017,20.06
China,MD per 10k,2018,21.24
China,MD per 10k,2019,22.58
China,MD per 10k,2020,23.87
Colombia,MD per 10k,1990,8.03
Colombia,MD per 10k,1991,8.59
Colombia,MD per 10k,1992,9.17
Colombia,MD per 10k,1993,9.58
Colombia,MD per 10k,1994,10.03
Colombia,MD per 10k,1995,10.49
Colombia,MD per 10k,1996,10.9
Colombia,MD per 10k,1997,11.33
Colombia,MD per 10k,1998,11.8
Colombia,MD per 10k,1999,12.18
Colombia,MD per 10k,2000,12.6
Colombia,MD per 10k,2001,12.85
Colombia,MD per 10k,2002,13.17
Colombia,MD per 10k,2003,13.48
Colombia,MD per 10k,2004,13.87
Colombia,MD per 10k,2005,14.29
Colombia,MD per 10k,2006,14.67
Colombia,MD per 10k,2007,15.09
Colombia,MD per 10k,2008,15.61
Colombia,MD per 10k,2009,16.16
Colombia,MD per 10k,2010,16.64
Colombia,MD per 10k,2011,17.26
Colombia,MD per 10k,2012,17.85
Colombia,MD per 10k,2013,18.53
Colombia,MD per 10k,2014,19.3
Colombia,MD per 10k,2015,19.91
Colombia,MD per 10k,2016,20.57
Colombia,MD per 10k,2017,21.31
Colombia,MD per 10k,2018,22.02
Colombia,MD per 10k,2019,22.59
Colombia,MD per 10k,2020,23.25
Colombia,MD per 10k,2021,23.62
Congo,MD per 10k,1998,7.34
Congo,MD per 10k,2004,2.13
Congo,MD per 10k,2006,2.05
Congo,MD per 10k,2007,1.01
Congo,MD per 10k,2010,1.11
Congo,MD per 10k,2011,1.58
Congo,MD per 10k,2016,1.02
Congo,MD per 10k,2018,1.0
Costa Rica,MD per 10k,2000,13.08
Costa Rica,MD per 10k,2006,20.26
Costa Rica,MD per 10k,2007,20.74
Costa Rica,MD per 10k,2008,21.39
Costa Rica,MD per 10k,2009,21.97
Costa Rica,MD per 10k,2010,22.83
Costa Rica,MD per 10k,2011,23.48
Costa Rica,MD per 10k,2012,24.33
Costa Rica,MD per 10k,2013,25.16
Costa Rica,MD per 10k,2014,26.17
Costa Rica,MD per 10k,2015,27.05
Costa Rica,MD per 10k,2016,28.81
Costa Rica,MD per 10k,2017,29.99
Costa Rica,MD per 10k,2018,28.7
Costa Rica,MD per 10k,2019,32.08
Costa Rica,MD per 10k,2020,27.18
Costa Rica,MD per 10k,2021,27.7
Croatia,MD per 10k,1990,29.1
Croatia,MD per 10k,1991,26.28
Croatia,MD per 10k,1992,26.8
Croatia,MD per 10k,1993,26.92
Croatia,MD per 10k,1994,26.49
Croatia,MD per 10k,1995,26.12
Croatia,MD per 10k,1996,26.2
Croatia,MD per 10k,1997,26.42
Croatia,MD per 10k,1998,25.04
Croatia,MD per 10k,1999,24.2
Croatia,MD per 10k,2000,22.95
Croatia,MD per 10k,2001,23.41
Croatia,MD per 10k,2002,23.62
Croatia,MD per 10k,2003,24.25
Croatia,MD per 10k,2004,24.97
Croatia,MD per 10k,2005,25.06
Croatia,MD per 10k,2006,25.47
Croatia,MD per 10k,2007,26.78
Croatia,MD per 10k,2008,26.86
Croatia,MD per 10k,2009,26.96
Croatia,MD per 10k,2010,28.16
Croatia,MD per 10k,2011,28.7
Croatia,MD per 10k,2012,29.49
Croatia,MD per 10k,2013,29.95
Croatia,MD per 10k,2014,31.05
Croatia,MD per 10k,2015,31.56
Croatia,MD per 10k,2016,31.97
Croatia,MD per 10k,2017,33.12
Croatia,MD per 10k,2018,33.83
Croatia,MD per 10k,2019,34.66
Cuba,MD per 10k,1990,36.41
Cuba,MD per 10k,1991,39.79
Cuba,MD per 10k,1992,43.45
Cuba,MD per 10k,1993,47.09
Cuba,MD per 10k,1994,49.66
Cuba,MD per 10k,1995,52.02
Cuba,MD per 10k,1996,54.85
Cuba,MD per 10k,1997,56.94
Cuba,MD per 10k,1998,57.54
Cuba,MD per 10k,1999,58.59
Cuba,MD per 10k,2000,59.43
Cuba,MD per 10k,2001,59.54
Cuba,MD per 10k,2002,60.05
Cuba,MD per 10k,2003,60.73
Cuba,MD per 10k,2004,62.1
Cuba,MD per 10k,2005,62.77
Cuba,MD per 10k,2006,63.49
Cuba,MD per 10k,2007,64.26
Cuba,MD per 10k,2008,66.11
Cuba,MD per 10k,2009,66.36
Cuba,MD per 10k,2010,67.76
Cuba,MD per 10k,2011,69.59
Cuba,MD per 10k,2012,72.56
Cuba,MD per 10k,2013,73.93
Cuba,MD per 10k,2014,75.51
Cuba,MD per 10k,2015,77.59
Cuba,MD per 10k,2016,79.49
Cuba,MD per 10k,2017,82.97
Cuba,MD per 10k,2018,84.27
Cyprus,MD per 10k,1990,15.19
Cyprus,MD per 10k,1991,15.83
Cyprus,MD per 10k,1992,16.88
Cyprus,MD per 10k,1993,17.45
Cyprus,MD per 10k,1994,18.1
Cyprus,MD per 10k,1995,18.63
Cyprus,MD per 10k,1996,18.69
Cyprus,MD per 10k,1997,18.77
Cyprus,MD per 10k,1998,18.82
Cyprus,MD per 10k,2000,18.98
Cyprus,MD per 10k,2001,19.06
Cyprus,MD per 10k,2002,18.68
Cyprus,MD per 10k,2003,18.49
Cyprus,MD per 10k,2004,18.97
Cyprus,MD per 10k,2005,18.79
Cyprus,MD per 10k,2006,18.2
Cyprus,MD per 10k,2007,19.96
Cyprus,MD per 10k,2008,20.3
Cyprus,MD per 10k,2009,20.82
Cyprus,MD per 10k,2010,21.24
Cyprus,MD per 10k,2011,22.09
Cyprus,MD per 10k,2012,22.53
Cyprus,MD per 10k,2013,23.6
Cyprus,MD per 10k,2014,24.47
Cyprus,MD per 10k,2015,25.66
Cyprus,MD per 10k,2016,19.06
Cyprus,MD per 10k,2017,27.51
Cyprus,MD per 10k,2018,29.08
Cyprus,MD per 10k,2019,30.66
Cyprus,MD per 10k,2021,53.75
Czechia,MD per 10k,1990,27.22
Czechia,MD per 10k,1991,26.76
Czechia,MD per 10k,1992,26.81
Czechia,MD per 10k,1993,28.68
Czechia,MD per 10k,1994,29.36
Czechia,MD per 10k,1995,30.01
Czechia,MD per 10k,1996,29.9
Czechia,MD per 10k,1997,31.2
Czechia,MD per 10k,1998,30.39
Czechia,MD per 10k,1999,30.88
Czechia,MD per 10k,2000,33.81
Czechia,MD per 10k,2001,34.43
Czechia,MD per 10k,2002,34.92
Czechia,MD per 10k,2003,35.09
Czechia,MD per 10k,2004,34.99
Czechia,MD per 10k,2005,35.39
Czechia,MD per 10k,2006,35.51
Czechia,MD per 10k,2007,35.61
Czechia,MD per 10k,2008,35.57
Czechia,MD per 10k,2009,35.84
Czechia,MD per 10k,2010,35.99
Czechia,MD per 10k,2011,36.37
Czechia,MD per 10k,2012,36.75
Czechia,MD per 10k,2013,36.88
Czechia,MD per 10k,2018,40.74
Czechia,MD per 10k,2019,41.19
Czechia,MD per 10k,2020,41.6
Czechia,MD per 10k,2021,54.69
Côte d'Ivoire,MD per 10k,2004,1.12
Côte d'Ivoire,MD per 10k,2005,0.9
Côte d'Ivoire,MD per 10k,2008,1.36
Côte d'Ivoire,MD per 10k,2011,1.49
Côte d'Ivoire,MD per 10k,2014,2.28
Côte d'Ivoire,MD per 10k,2018,2.2
Côte d'Ivoire,MD per 10k,2019,1.6
Democratic Republic of the Congo,MD per 10k,2009,0.91
Democratic Republic of the Congo,MD per 10k,2013,0.87
Democratic Republic of the Congo,MD per 10k,2018,3.62
Denmark,MD per 10k,1990,24.94
Denmark,MD per 10k,1991,24.29
Denmark,MD per 10k,1992,25.96
Denmark,MD per 10k,1993,26.13
Denmark,MD per 10k,1994,26.39
Denmark,MD per 10k,1995,26.82
Denmark,MD per 10k,1996,27.03
Denmark,MD per 10k,1997,27.8
Denmark,MD per 10k,1998,28.58
Denmark,MD per 10k,1999,28.84
Denmark,MD per 10k,2000,29.12
Denmark,MD per 10k,2001,29.32
Denmark,MD per 10k,2002,30.35
Denmark,MD per 10k,2003,30.78
Denmark,MD per 10k,2004,32.2
Denmark,MD per 10k,2005,33.24
Denmark,MD per 10k,2006,34.11
Denmark,MD per 10k,2007,34.47
Denmark,MD per 10k,2008,35.73
Denmark,MD per 10k,2009,36.48
Denmark,MD per 10k,2010,37.24
Denmark,MD per 10k,2011,37.85
Denmark,MD per 10k,2012,38.31
Denmark,MD per 10k,2013,38.42
Denmark,MD per 10k,2014,38.72
Denmark,MD per 10k,2015,39.34
Denmark,MD per 10k,2016,40.13
Denmark,MD per 10k,2017,41.29
Denmark,MD per 10k,2018,42.15
Denmark,MD per 10k,2019,42.64
Djibouti,MD per 10k,1999,1.29
Djibouti,MD per 10k,2004,1.58
Djibouti,MD per 10k,2005,1.69
Djibouti,MD per 10k,2006,2.18
Djibouti,MD per 10k,2014,2.03
Dominica,MD per 10k,1997,5.5
Dominica,MD per 10k,2001,18.18
Dominica,MD per 10k,2017,11.36
Dominica,MD per 10k,2018,11.16
Dominican Republic,MD per 10k,2000,18.35
Dominican Republic,MD per 10k,2008,10.91
Dominican Republic,MD per 10k,2011,15.13
Dominican Republic,MD per 10k,2018,13.92
Dominican Republic,MD per 10k,2019,14.33
Ecuador,MD per 10k,1990,9.36
Ecuador,MD per 10k,1991,11.42
Ecuador,MD per 10k,1992,11.78
Ecuador,MD per 10k,1993,10.91
Ecuador,MD per 10k,1994,12.58
Ecuador,MD per 10k,1995,12.34
Ecuador,MD per 10k,1996,13.07
Ecuador,MD per 10k,1997,13.24
Ecuador,MD per 10k,1998,13.13
Ecuador,MD per 10k,1999,13.76
Ecuador,MD per 10k,2000,14.52
Ecuador,MD per 10k,2001,15.52
Ecuador,MD per 10k,2002,15.75
Ecuador,MD per 10k,2003,15.05
Ecuador,MD per 10k,2009,16.02
Ecuador,MD per 10k,2010,21.14
Ecuador,MD per 10k,2011,16.59
Ecuador,MD per 10k,2015,20.67
Ecuador,MD per 10k,2016,20.43
Ecuador,MD per 10k,2017,22.32
Egypt,MD per 10k,2003,5.07
Egypt,MD per 10k,2014,7.45
Egypt,MD per 10k,2015,7.77
Egypt,MD per 10k,2016,7.78
Egypt,MD per 10k,2017,7.57
Egypt,MD per 10k,2018,7.3
Egypt,MD per 10k,2019,7.09
El Salvador,MD per 10k,1999,12.27
El Salvador,MD per 10k,2002,13.21
El Salvador,MD per 10k,2005,17.15
El Salvador,MD per 10k,2008,19.02
El Salvador,MD per 10k,2018,29.36
El Salvador,MD per 10k,2021,29.13
Equatorial Guinea,MD per 10k,2004,1.85
Equatorial Guinea,MD per 10k,2017,3.5
Estonia,MD per 10k,1990,35.0
Estonia,MD per 10k,1991,35.26
Estonia,MD per 10k,1992,32.49
Estonia,MD per 10k,1993,31.85
Estonia,MD per 10k,1994,31.71
Estonia,MD per 10k,1995,31.56
Estonia,MD per 10k,1996,31.07
Estonia,MD per 10k,1997,31.89
Estonia,MD per 10k,1998,29.47
Estonia,MD per 10k,1999,29.93
Estonia,MD per 10k,2000,29.42
Estonia,MD per 10k,2001,27.83
Estonia,MD per 10k,2002,29.65
Estonia,MD per 10k,2003,29.96
Estonia,MD per 10k,2004,30.24
Estonia,MD per 10k,2005,31.42
Estonia,MD per 10k,2006,31.83
Estonia,MD per 10k,2007,32.6
Estonia,MD per 10k,2008,33.43
Estonia,MD per 10k,2009,32.8
Estonia,MD per 10k,2010,32.44
Estonia,MD per 10k,2011,32.94
Estonia,MD per 10k,2012,32.83
Estonia,MD per 10k,2013,33.35
Estonia,MD per 10k,2014,33.61
Estonia,MD per 10k,2015,34.17
Estonia,MD per 10k,2016,34.56
Estonia,MD per 10k,2017,34.68
Estonia,MD per 10k,2018,34.83
Estonia,MD per 10k,2019,34.69
Estonia,MD per 10k,2020,38.63
Eswatini,MD per 10k,2001,1.72
Eswatini,MD per 10k,2003,1.51
Eswatini,MD per 10k,2004,1.6
Eswatini,MD per 10k,2009,1.58
Eswatini,MD per 10k,2011,0.99
Eswatini,MD per 10k,2016,0.94
Eswatini,MD per 10k,2017,1.81
Eswatini,MD per 10k,2018,2.4
Eswatini,MD per 10k,2020,1.4
Ethiopia,MD per 10k,2003,0.27
Ethiopia,MD per 10k,2004,0.27
Ethiopia,MD per 10k,2005,0.32
Ethiopia,MD per 10k,2006,0.27
Ethiopia,MD per 10k,2007,0.22
Ethiopia,MD per 10k,2008,0.25
Ethiopia,MD per 10k,2009,0.25
Ethiopia,MD per 10k,2018,0.76
Ethiopia,MD per 10k,2020,1.04
Fiji,MD per 10k,1999,3.29
Fiji,MD per 10k,2003,4.43
Fiji,MD per 10k,2008,3.76
Fiji,MD per 10k,2009,4.13
Fiji,MD per 10k,2013,7.73
Fiji,MD per 10k,2015,8.14
Finland,MD per 10k,1990,28.98
Finland,MD per 10k,1991,29.85
Finland,MD per 10k,1992,30.57
Finland,MD per 10k,1993,31.33
Finland,MD per 10k,1994,32.13
Finland,MD per 10k,1995,21.91
Finland,MD per 10k,1996,22.6
Finland,MD per 10k,1997,22.95
Finland,MD per 10k,1998,23.2
Finland,MD per 10k,1999,24.01
Finland,MD per 10k,2000,24.99
Finland,MD per 10k,2001,25.0
Finland,MD per 10k,2002,25.27
Finland,MD per 10k,2003,25.64
Finland,MD per 10k,2004,36.53
Finland,MD per 10k,2005,36.74
Finland,MD per 10k,2006,36.9
Finland,MD per 10k,2007,37.29
Finland,MD per 10k,2008,37.42
Finland,MD per 10k,2009,37.75
Finland,MD per 10k,2010,34.4
Finland,MD per 10k,2011,35.43
Finland,MD per 10k,2012,35.56
Finland,MD per 10k,2013,33.87
Finland,MD per 10k,2014,34.48
Finland,MD per 10k,2015,34.21
Finland,MD per 10k,2016,34.2
Finland,MD per 10k,2017,34.61
Finland,MD per 10k,2018,34.8
Finland,MD per 10k,2019,42.96
Finland,MD per 10k,2020,43.25
France,MD per 10k,1990,31.18
France,MD per 10k,1991,31.71
France,MD per 10k,1992,32.23
France,MD per 10k,1993,32.51
France,MD per 10k,1994,32.86
France,MD per 10k,1995,33.07
France,MD per 10k,1996,33.26
France,MD per 10k,1997,33.43
France,MD per 10k,1998,33.55
France,MD per 10k,1999,33.55
France,MD per 10k,2000,33.75
France,MD per 10k,2001,34.08
France,MD per 10k,2002,34.35
France,MD per 10k,2003,34.54
France,MD per 10k,2004,34.73
France,MD per 10k,2005,34.76
France,MD per 10k,2006,34.69
France,MD per 10k,2007,34.49
France,MD per 10k,2008,34.43
France,MD per 10k,2009,33.94
France,MD per 10k,2010,33.97
France,MD per 10k,2011,31.72
France,MD per 10k,2012,31.88
France,MD per 10k,2013,32.09
France,MD per 10k,2014,32.25
France,MD per 10k,2015,32.4
France,MD per 10k,2016,32.55
France,MD per 10k,2017,32.75
France,MD per 10k,2018,32.76
France,MD per 10k,2019,33.11
France,MD per 10k,2020,33.24
Gabon,MD per 10k,1991,1.87
Gabon,MD per 10k,1993,2.11
Gabon,MD per 10k,1994,2.53
Gabon,MD per 10k,1995,2.86
Gabon,MD per 10k,2004,2.79
Gabon,MD per 10k,2016,3.43
Gabon,MD per 10k,2017,6.58
Gabon,MD per 10k,2018,6.24
Gabon,MD per 10k,2019,6.1
Gabon,MD per 10k,2020,5.94
Gambia,MD per 10k,2003,1.0
Gambia,MD per 10k,2004,1.03
Gambia,MD per 10k,2005,1.0
Gambia,MD per 10k,2006,1.02
Gambia,MD per 10k,2007,0.9
Gambia,MD per 10k,2008,0.96
Gambia,MD per 10k,2015,0.95
Gambia,MD per 10k,2017,0.97
Gambia,MD per 10k,2018,1.22
Gambia,MD per 10k,2019,1.0
Gambia,MD per 10k,2020,0.77
Georgia,MD per 10k,1996,31.19
Georgia,MD per 10k,1997,37.07
Georgia,MD per 10k,1998,38.52
Georgia,MD per 10k,1999,39.27
Georgia,MD per 10k,2000,39.24
Georgia,MD per 10k,2001,38.52
Georgia,MD per 10k,2002,39.92
Georgia,MD per 10k,2003,40.37
Georgia,MD per 10k,2004,40.27
Georgia,MD per 10k,2005,40.56
Georgia,MD per 10k,2006,41.2
Georgia,MD per 10k,2007,41.63
Georgia,MD per 10k,2008,42.71
Georgia,MD per 10k,2009,45.11
Georgia,MD per 10k,2010,47.51
Georgia,MD per 10k,2011,48.06
Georgia,MD per 10k,2012,47.93
Georgia,MD per 10k,2013,48.28
Georgia,MD per 10k,2014,51.06
Georgia,MD per 10k,2015,53.41
Georgia,MD per 10k,2016,63.86
Georgia,MD per 10k,2017,65.15
Georgia,MD per 10k,2018,75.55
Georgia,MD per 10k,2019,75.03
Georgia,MD per 10k,2020,48.21
Georgia,MD per 10k,2021,54.05
Germany,MD per 10k,1991,27.62
Germany,MD per 10k,1992,28.41
Germany,MD per 10k,1993,29.37
Germany,MD per 10k,1994,30.09
Germany,MD per 10k,1995,30.75
Germany,MD per 10k,1996,31.24
Germany,MD per 10k,1997,31.39
Germany,MD per 10k,1998,31.82
Germany,MD per 10k,1999,32.17
Germany,MD per 10k,2000,32.72
Germany,MD per 10k,2001,33.27
Germany,MD per 10k,2002,33.64
Germany,MD per 10k,2003,34.01
Germany,MD per 10k,2004,34.26
Germany,MD per 10k,2005,34.48
Germany,MD per 10k,2006,34.87
Germany,MD per 10k,2007,35.33
Germany,MD per 10k,2008,35.8
Germany,MD per 10k,2009,36.48
Germany,MD per 10k,2010,37.34
Germany,MD per 10k,2011,38.22
Germany,MD per 10k,2012,38.92
Germany,MD per 10k,2013,39.84
Germany,MD per 10k,2014,40.64
Germany,MD per 10k,2015,41.2
Germany,MD per 10k,2016,41.87
Germany,MD per 10k,2017,42.51
Germany,MD per 10k,2018,43.11
Germany,MD per 10k,2019,43.91
Germany,MD per 10k,2020,44.59
Germany,MD per 10k,2021,45.18
Ghana,MD per 10k,2004,1.48
Ghana,MD per 10k,2007,0.7
Ghana,MD per 10k,2008,0.76
Ghana,MD per 10k,2009,0.82
Ghana,MD per 10k,2010,0.91
Ghana,MD per 10k,2011,0.95
Ghana,MD per 10k,2012,0.93
Ghana,MD per 10k,2013,0.99
Ghana,MD per 10k,2014,1.07
Ghana,MD per 10k,2015,1.13
Ghana,MD per 10k,2016,1.22
Ghana,MD per 10k,2017,0.89
Ghana,MD per 10k,2018,1.43
Ghana,MD per 10k,2019,1.03
Ghana,MD per 10k,2020,1.64
Greece,MD per 10k,1990,33.33
Greece,MD per 10k,1991,35.84
Greece,MD per 10k,1992,36.97
Greece,MD per 10k,1993,37.98
Greece,MD per 10k,1994,38.03
Greece,MD per 10k,1995,38.41
Greece,MD per 10k,1996,38.42
Greece,MD per 10k,1997,39.57
Greece,MD per 10k,1998,40.91
Greece,MD per 10k,1999,41.95
Greece,MD per 10k,2005,49.99
Greece,MD per 10k,2006,53.66
Greece,MD per 10k,2007,56.09
Greece,MD per 10k,2008,57.11
Greece,MD per 10k,2009,58.19
Greece,MD per 10k,2010,58.03
Greece,MD per 10k,2011,58.29
Greece,MD per 10k,2012,58.23
Greece,MD per 10k,2013,58.4
Greece,MD per 10k,2014,58.83
Greece,MD per 10k,2015,59.1
Greece,MD per 10k,2016,61.37
Greece,MD per 10k,2017,61.02
Greece,MD per 10k,2018,61.61
Greece,MD per 10k,2019,62.47
Greece,MD per 10k,2020,63.06
Grenada,MD per 10k,1997,3.89
Grenada,MD per 10k,1999,5.52
Grenada,MD per 10k,2000,5.4
Grenada,MD per 10k,2001,5.38
Grenada,MD per 10k,2002,5.36
Grenada,MD per 10k,2003,5.34
Grenada,MD per 10k,2006,6.22
Grenada,MD per 10k,2017,12.9
Grenada,MD per 10k,2018,13.14
Guatemala,MD per 10k,1999,8.69
Guatemala,MD per 10k,2009,9.08
Guatemala,MD per 10k,2017,2.86
Guatemala,MD per 10k,2018,3.63
Guatemala,MD per 10k,2020,12.8
Guinea,MD per 10k,2000,0.92
Guinea,MD per 10k,2004,1.1
Guinea,MD per 10k,2005,1.03
Guinea,MD per 10k,2014,1.63
Guinea,MD per 10k,2015,0.84
Guinea,MD per 10k,2016,0.82
Guinea,MD per 10k,2018,2.22
Guinea-Bissau,MD per 10k,2004,1.4
Guinea-Bissau,MD per 10k,2008,0.52
Guinea-Bissau,MD per 10k,2009,0.81
Guinea-Bissau,MD per 10k,2011,0.62
Guinea-Bissau,MD per 10k,2015,1.98
Guinea-Bissau,MD per 10k,2016,1.0
Guinea-Bissau,MD per 10k,2018,1.65
Guinea-Bissau,MD per 10k,2020,1.91
Guinea-Bissau,MD per 10k,2021,2.2
Guyana,MD per 10k,2000,4.82
Guyana,MD per 10k,2009,2.14
Guyana,MD per 10k,2010,6.89
Guyana,MD per 10k,2018,18.04
Guyana,MD per 10k,2020,14.05
Haiti,MD per 10k,1998,2.42
Haiti,MD per 10k,2011,1.4
Haiti,MD per 10k,2013,2.33
Haiti,MD per 10k,2015,0.86
Haiti,MD per 10k,2018,2.37
Honduras,MD per 10k,2000,5.52
Honduras,MD per 10k,2005,3.54
Honduras,MD per 10k,2010,2.9
Honduras,MD per 10k,2016,5.86
Honduras,MD per 10k,2017,3.03
Honduras,MD per 10k,2020,4.89
Hungary,MD per 10k,1990,29.42
Hungary,MD per 10k,1991,30.29
Hungary,MD per 10k,1992,30.07
Hungary,MD per 10k,1993,29.55
Hungary,MD per 10k,1994,29.96
Hungary,MD per 10k,1995,30.04
Hungary,MD per 10k,1996,30.41
Hungary,MD per 10k,1997,30.77
Hungary,MD per 10k,1998,30.83
Hungary,MD per 10k,1999,31.06
Hungary,MD per 10k,2000,26.85
Hungary,MD per 10k,2001,28.93
Hungary,MD per 10k,2002,31.98
Hungary,MD per 10k,2003,32.51
Hungary,MD per 10k,2004,33.41
Hungary,MD per 10k,2005,27.85
Hungary,MD per 10k,2006,30.4
Hungary,MD per 10k,2007,28.07
Hungary,MD per 10k,2008,30.95
Hungary,MD per 10k,2009,30.25
Hungary,MD per 10k,2010,28.72
Hungary,MD per 10k,2011,29.64
Hungary,MD per 10k,2012,30.88
Hungary,MD per 10k,2013,32.09
Hungary,MD per 10k,2014,33.23
Hungary,MD per 10k,2015,30.97
Hungary,MD per 10k,2016,32.11
Hungary,MD per 10k,2017,33.25
Hungary,MD per 10k,2018,33.84
Hungary,MD per 10k,2019,34.93
Hungary,MD per 10k,2020,31.39
Hungary,MD per 10k,2021,32.91
Iceland,MD per 10k,1990,28.47
Iceland,MD per 10k,1991,28.45
Iceland,MD per 10k,1992,29.51
Iceland,MD per 10k,1993,29.52
Iceland,MD per 10k,1994,29.94
Iceland,MD per 10k,1995,30.22
Iceland,MD per 10k,1996,31.18
Iceland,MD per 10k,1997,32.57
Iceland,MD per 10k,1998,33.14
Iceland,MD per 10k,1999,33.79
Iceland,MD per 10k,2000,34.39
Iceland,MD per 10k,2001,34.71
Iceland,MD per 10k,2002,35.75
Iceland,MD per 10k,2003,36.13
Iceland,MD per 10k,2004,36.12
Iceland,MD per 10k,2005,36.09
Iceland,MD per 10k,2006,36.01
Iceland,MD per 10k,2007,36.1
Iceland,MD per 10k,2008,36.39
Iceland,MD per 10k,2009,36.45
Iceland,MD per 10k,2010,35.88
Iceland,MD per 10k,2011,35.01
Iceland,MD per 10k,2012,35.58
Iceland,MD per 10k,2013,36.05
Iceland,MD per 10k,2014,36.42
Iceland,MD per 10k,2015,37.72
Iceland,MD per 10k,2016,38.49
Iceland,MD per 10k,2017,38.71
Iceland,MD per 10k,2018,38.91
Iceland,MD per 10k,2019,38.91
India,MD per 10k,1991,12.24
India,MD per 10k,2018,6.78
India,MD per 10k,2020,7.27
Indonesia,MD per 10k,1993,0.58
Indonesia,MD per 10k,2003,1.32
Indonesia,MD per 10k,2009,1.43
Indonesia,MD per 10k,2010,1.38
Indonesia,MD per 10k,2012,1.99
Indonesia,MD per 10k,2015,2.73
Indonesia,MD per 10k,2017,3.77
Indonesia,MD per 10k,2018,4.25
Indonesia,MD per 10k,2019,4.67
Indonesia,MD per 10k,2020,6.27
Indonesia,MD per 10k,2021,6.95
Iran,MD per 10k,2004,8.8
Iran,MD per 10k,2005,8.82
Iran,MD per 10k,2006,5.31
Iran,MD per 10k,2014,14.57
Iran,MD per 10k,2015,11.06
Iran,MD per 10k,2017,10.78
Iran,MD per 10k,2018,15.14
Ireland,MD per 10k,1990,15.64
Ireland,MD per 10k,1991,17.11
Ireland,MD per 10k,1992,20.11
Ireland,MD per 10k,1993,20.34
Ireland,MD per 10k,1994,20.03
Ireland,MD per 10k,1995,21.13
Ireland,MD per 10k,1996,21.13
Ireland,MD per 10k,1997,21.43
Ireland,MD per 10k,1998,22.02
Ireland,MD per 10k,1999,22.77
Ireland,MD per 10k,2000,22.39
Ireland,MD per 10k,2001,23.94
Ireland,MD per 10k,2002,24.25
Ireland,MD per 10k,2003,25.94
Ireland,MD per 10k,2004,27.63
Ireland,MD per 10k,2005,35.6
Ireland,MD per 10k,2006,36.6
Ireland,MD per 10k,2007,38.67
Ireland,MD per 10k,2008,39.81
Ireland,MD per 10k,2009,40.34
Ireland,MD per 10k,2010,41.6
Ireland,MD per 10k,2011,41.36
Ireland,MD per 10k,2012,39.8
Ireland,MD per 10k,2013,39.58
Ireland,MD per 10k,2014,30.35
Ireland,MD per 10k,2015,31.43
Ireland,MD per 10k,2016,32.19
Ireland,MD per 10k,2017,32.82
Ireland,MD per 10k,2018,33.02
Ireland,MD per 10k,2019,33.43
Ireland,MD per 10k,2020,34.84
Ireland,MD per 10k,2021,40.62
Israel,MD per 10k,1990,29.92
Israel,MD per 10k,1991,31.89
Israel,MD per 10k,1992,35.67
Israel,MD per 10k,1993,35.82
Israel,MD per 10k,1994,36.16
Israel,MD per 10k,1995,36.21
Israel,MD per 10k,1996,36.11
Israel,MD per 10k,1997,36.8
Israel,MD per 10k,1998,37.6
Israel,MD per 10k,1999,36.98
Israel,MD per 10k,2000,36.93
Israel,MD per 10k,2001,37.06
Israel,MD per 10k,2002,37.16
Israel,MD per 10k,2003,37.15
Israel,MD per 10k,2004,36.8
Israel,MD per 10k,2005,36.34
Israel,MD per 10k,2006,35.99
Israel,MD per 10k,2007,35.63
Israel,MD per 10k,2008,35.24
Israel,MD per 10k,2009,35.29
Israel,MD per 10k,2010,35.19
Israel,MD per 10k,2011,35.25
Israel,MD per 10k,2012,35.1
Israel,MD per 10k,2013,34.83
Israel,MD per 10k,2014,34.57
Israel,MD per 10k,2015,34.51
Israel,MD per 10k,2016,34.43
Israel,MD per 10k,2017,34.52
Israel,MD per 10k,2018,34.99
Israel,MD per 10k,2019,35.42
Israel,MD per 10k,2020,35.84
Israel,MD per 10k,2021,36.54
Italy,MD per 10k,1990,46.95
Italy,MD per 10k,1991,48.74
Italy,MD per 10k,1992,50.17
Italy,MD per 10k,1993,55.1
Italy,MD per 10k,1994,56.17
Italy,MD per 10k,1995,37.97
Italy,MD per 10k,1996,38.96
Italy,MD per 10k,1997,39.94
Italy,MD per 10k,1998,40.69
Italy,MD per 10k,1999,41.15
Italy,MD per 10k,2000,34.42
Italy,MD per 10k,2001,35.06
Italy,MD per 10k,2002,35.63
Italy,MD per 10k,2003,36.24
Italy,MD per 10k,2004,36.87
Italy,MD per 10k,2005,37.07
Italy,MD per 10k,2006,37.06
Italy,MD per 10k,2007,37.73
Italy,MD per 10k,2008,37.61
Italy,MD per 10k,2009,37.61
Italy,MD per 10k,2010,37.84
Italy,MD per 10k,2011,38.56
Italy,MD per 10k,2012,38.32
Italy,MD per 10k,2013,38.95
Italy,MD per 10k,2014,39.1
Italy,MD per 10k,2015,38.7
Italy,MD per 10k,2016,39.86
Italy,MD per 10k,2017,40.25
Italy,MD per 10k,2018,40.13
Italy,MD per 10k,2019,40.51
Italy,MD per 10k,2020,39.97
Italy,MD per 10k,2021,41.26
Jamaica,MD per 10k,2003,8.5
Jamaica,MD per 10k,2008,4.07
Jamaica,MD per 10k,2012,3.65
Jamaica,MD per 10k,2013,4.82
Jamaica,MD per 10k,2014,3.92
Jamaica,MD per 10k,2015,4.29
Jamaica,MD per 10k,2016,4.72
Jamaica,MD per 10k,2018,5.5
Japan,MD per 10k,1990,16.49
Japan,MD per 10k,1992,17.02
Japan,MD per 10k,1994,17.72
Japan,MD per 10k,1996,18.41
Japan,MD per 10k,1998,18.9
Japan,MD per 10k,2000,19.35
Japan,MD per 10k,2002,19.79
Japan,MD per 10k,2004,20.31
Japan,MD per 10k,2006,20.83
Japan,MD per 10k,2008,21.47
Japan,MD per 10k,2010,22.13
Japan,MD per 10k,2012,22.84
Japan,MD per 10k,2014,23.54
Japan,MD per 10k,2016,24.26
Japan,MD per 10k,2018,24.98
Japan,MD per 10k,2020,26.14
Jordan,MD per 10k,1998,10.09
Jordan,MD per 10k,1999,19.57
Jordan,MD per 10k,2000,18.94
Jordan,MD per 10k,2001,20.58
Jordan,MD per 10k,2002,22.21
Jordan,MD per 10k,2003,22.93
Jordan,MD per 10k,2004,20.6
Jordan,MD per 10k,2005,22.73
Jordan,MD per 10k,2006,22.59
Jordan,MD per 10k,2007,23.6
Jordan,MD per 10k,2008,21.98
Jordan,MD per 10k,2009,21.64
Jordan,MD per 10k,2010,23.39
Jordan,MD per 10k,2013,24.3
Jordan,MD per 10k,2014,22.7
Jordan,MD per 10k,2015,27.41
Jordan,MD per 10k,2017,22.26
Jordan,MD per 10k,2019,25.13
Kazakhstan,MD per 10k,1990,39.3
Kazakhstan,MD per 10k,1991,37.97
Kazakhstan,MD per 10k,1992,38.9
Kazakhstan,MD per 10k,1993,37.97
Kazakhstan,MD per 10k,1994,36.37
Kazakhstan,MD per 10k,1995,36.59
Kazakhstan,MD per 10k,1996,35.89
Kazakhstan,MD per 10k,1997,32.87
Kazakhstan,MD per 10k,1998,34.37
Kazakhstan,MD per 10k,1999,33.14
Kazakhstan,MD per 10k,2000,32.13
Kazakhstan,MD per 10k,2001,33.56
Kazakhstan,MD per 10k,2002,34.98
Kazakhstan,MD per 10k,2003,35.43
Kazakhstan,MD per 10k,2004,35.28
Kazakhstan,MD per 10k,2005,35.46
Kazakhstan,MD per 10k,2006,36.35
Kazakhstan,MD per 10k,2007,35.85
Kazakhstan,MD per 10k,2008,36.39
Kazakhstan,MD per 10k,2009,36.98
Kazakhstan,MD per 10k,2010,38.39
Kazakhstan,MD per 10k,2011,38.61
Kazakhstan,MD per 10k,2012,38.31
Kazakhstan,MD per 10k,2013,38.78
Kazakhstan,MD per 10k,2014,39.14
Kazakhstan,MD per 10k,2015,39.09
Kazakhstan,MD per 10k,2016,41.27
Kazakhstan,MD per 10k,2017,39.39
Kazakhstan,MD per 10k,2018,39.31
Kazakhstan,MD per 10k,2019,39.48
Kazakhstan,MD per 10k,2020,40.28
Kenya,MD per 10k,2002,1.38
Kenya,MD per 10k,2008,1.69
Kenya,MD per 10k,2009,1.71
Kenya,MD per 10k,2010,1.72
Kenya,MD per 10k,2011,1.77
Kenya,MD per 10k,2012,1.85
Kenya,MD per 10k,2013,1.94
Kenya,MD per 10k,2014,2.0
Kenya,MD per 10k,2018,1.61
Kenya,MD per 10k,2021,2.26
Kiribati,MD per 10k,2008,2.4
Kiribati,MD per 10k,2010,3.8
Kiribati,MD per 10k,2011,1.37
Kiribati,MD per 10k,2013,1.94
Kuwait,MD per 10k,2006,14.61
Kuwait,MD per 10k,2007,18.79
Kuwait,MD per 10k,2008,18.84
Kuwait,MD per 10k,2009,19.1
Kuwait,MD per 10k,2010,24.7
Kuwait,MD per 10k,2011,24.75
Kuwait,MD per 10k,2012,24.33
Kuwait,MD per 10k,2013,24.5
Kuwait,MD per 10k,2014,26.02
Kuwait,MD per 10k,2015,25.97
Kuwait,MD per 10k,2020,22.93
Kyrgyz Republic,MD per 10k,1990,34.23
Kyrgyz Republic,MD per 10k,1991,34.46
Kyrgyz Republic,MD per 10k,1992,33.76
Kyrgyz Republic,MD per 10k,1993,31.17
Kyrgyz Republic,MD per 10k,1994,30.84
Kyrgyz Republic,MD per 10k,1995,31.28
Kyrgyz Republic,MD per 10k,1996,32.06
Kyrgyz Republic,MD per 10k,1997,30.29
Kyrgyz Republic,MD per 10k,1998,29.69
Kyrgyz Republic,MD per 10k,1999,28.93
Kyrgyz Republic,MD per 10k,2000,27.96
Kyrgyz Republic,MD per 10k,2001,26.86
Kyrgyz Republic,MD per 10k,2002,25.68
Kyrgyz Republic,MD per 10k,2003,25.41
Kyrgyz Republic,MD per 10k,2004,25.12
Kyrgyz Republic,MD per 10k,2005,24.6
Kyrgyz Republic,MD per 10k,2006,23.92
Kyrgyz Republic,MD per 10k,2007,23.09
Kyrgyz Republic,MD per 10k,2008,23.13
Kyrgyz Republic,MD per 10k,2009,23.07
Kyrgyz Republic,MD per 10k,2010,23.13
Kyrgyz Republic,MD per 10k,2011,22.72
Kyrgyz Republic,MD per 10k,2012,22.58
Kyrgyz Republic,MD per 10k,2013,22.66
Kyrgyz Republic,MD per 10k,2014,22.25
Kyrgyz Republic,MD per 10k,2019,21.68
Laos,MD per 10k,1995,3.36
Laos,MD per 10k,2000,2.79
Laos,MD per 10k,2004,3.47
Laos,MD per 10k,2005,2.68
Laos,MD per 10k,2010,3.32
Laos,MD per 10k,2012,3.21
Laos,MD per 10k,2013,3.26
Laos,MD per 10k,2014,3.78
Laos,MD per 10k,2015,4.0
Laos,MD per 10k,2016,3.72
Laos,MD per 10k,2017,4.41
Laos,MD per 10k,2018,3.62
Laos,MD per 10k,2019,3.64
Laos,MD per 10k,2020,3.57
Laos,MD per 10k,2021,3.27
Latvia,MD per 10k,1990,35.1
Latvia,MD per 10k,1991,35.73
Latvia,MD per 10k,1992,30.76
Latvia,MD per 10k,1993,28.22
Latvia,MD per 10k,1994,27.97
Latvia,MD per 10k,1995,27.34
Latvia,MD per 10k,1996,27.49
Latvia,MD per 10k,1997,27.91
Latvia,MD per 10k,1998,26.81
Latvia,MD per 10k,1999,26.77
Latvia,MD per 10k,2000,28.5
Latvia,MD per 10k,2001,26.62
Latvia,MD per 10k,2002,27.7
Latvia,MD per 10k,2003,28.24
Latvia,MD per 10k,2004,29.17
Latvia,MD per 10k,2005,29.68
Latvia,MD per 10k,2006,30.49
Latvia,MD per 10k,2007,31.78
Latvia,MD per 10k,2008,32.74
Latvia,MD per 10k,2009,31.76
Latvia,MD per 10k,2010,31.01
Latvia,MD per 10k,2011,31.08
Latvia,MD per 10k,2012,31.15
Latvia,MD per 10k,2013,31.62
Latvia,MD per 10k,2014,31.89
Latvia,MD per 10k,2015,31.75
Latvia,MD per 10k,2016,31.9
Latvia,MD per 10k,2017,31.84
Latvia,MD per 10k,2018,32.89
Latvia,MD per 10k,2019,32.63
Latvia,MD per 10k,2020,33.45
Lebanon,MD per 10k,2001,26.21
Lebanon,MD per 10k,2006,24.92
Lebanon,MD per 10k,2007,23.26
Lebanon,MD per 10k,2010,23.19
Lebanon,MD per 10k,2011,27.02
Lebanon,MD per 10k,2013,23.41
Lebanon,MD per 10k,2014,20.69
Lebanon,MD per 10k,2015,21.47
Lebanon,MD per 10k,2016,21.58
Lebanon,MD per 10k,2017,22.61
Lebanon,MD per 10k,2018,24.25
Lebanon,MD per 10k,2019,26.17
Lesotho,MD per 10k,2003,0.45
Lesotho,MD per 10k,2010,0.68
Lesotho,MD per 10k,2018,4.54
Liberia,MD per 10k,2004,0.33
Liberia,MD per 10k,2008,0.14
Liberia,MD per 10k,2009,0.23
Liberia,MD per 10k,2010,0.22
Liberia,MD per 10k,2015,0.36
Liberia,MD per 10k,2018,0.5
Libya,MD per 10k,1997,13.0
Libya,MD per 10k,2004,12.43
Libya,MD per 10k,2008,17.92
Libya,MD per 10k,2009,18.88
Libya,MD per 10k,2014,21.48
Libya,MD per 10k,2015,19.63
Libya,MD per 10k,2017,21.57
Lithuania,MD per 10k,1990,39.08
Lithuania,MD per 10k,1991,38.13
Lithuania,MD per 10k,1992,34.93
Lithuania,MD per 10k,1993,35.07
Lithuania,MD per 10k,1994,35.82
Lithuania,MD per 10k,1995,35.68
Lithuania,MD per 10k,1996,35.97
Lithuania,MD per 10k,1997,36.37
Lithuania,MD per 10k,1998,36.04
Lithuania,MD per 10k,1999,36.03
Lithuania,MD per 10k,2000,35.26
Lithuania,MD per 10k,2001,35.4
Lithuania,MD per 10k,2002,36.26
Lithuania,MD per 10k,2003,36.11
Lithuania,MD per 10k,2004,35.78
Lithuania,MD per 10k,2005,36.64
Lithuania,MD per 10k,2006,37.31
Lithuania,MD per 10k,2007,38.35
Lithuania,MD per 10k,2008,38.5
Lithuania,MD per 10k,2009,38.33
Lithuania,MD per 10k,2010,38.95
Lithuania,MD per 10k,2011,40.03
Lithuania,MD per 10k,2012,41.15
Lithuania,MD per 10k,2013,41.77
Lithuania,MD per 10k,2014,42.18
Lithuania,MD per 10k,2015,42.53
Lithuania,MD per 10k,2016,43.67
Lithuania,MD per 10k,2017,44.37
Lithuania,MD per 10k,2018,44.79
Lithuania,MD per 10k,2019,44.81
Lithuania,MD per 10k,2020,44.42
Lithuania,MD per 10k,2021,49.5
Luxembourg,MD per 10k,1990,20.09
Luxembourg,MD per 10k,1991,20.19
Luxembourg,MD per 10k,1992,20.79
Luxembourg,MD per 10k,1993,21.38
Luxembourg,MD per 10k,1994,21.64
Luxembourg,MD per 10k,1995,22.42
Luxembourg,MD per 10k,1996,23.19
Luxembourg,MD per 10k,2005,25.6
Luxembourg,MD per 10k,2006,25.78
Luxembourg,MD per 10k,2007,26.94
Luxembourg,MD per 10k,2008,27.18
Luxembourg,MD per 10k,2009,27.09
Luxembourg,MD per 10k,2010,27.73
Luxembourg,MD per 10k,2011,27.67
Luxembourg,MD per 10k,2012,28.06
Luxembourg,MD per 10k,2013,28.3
Luxembourg,MD per 10k,2014,28.81
Luxembourg,MD per 10k,2015,29.08
Luxembourg,MD per 10k,2016,28.85
Luxembourg,MD per 10k,2017,29.85
Madagascar,MD per 10k,2002,1.33
Madagascar,MD per 10k,2003,1.44
Madagascar,MD per 10k,2004,1.52
Madagascar,MD per 10k,2005,1.76
Madagascar,MD per 10k,2006,1.66
Madagascar,MD per 10k,2007,1.77
Madagascar,MD per 10k,2008,1.81
Madagascar,MD per 10k,2009,1.77
Madagascar,MD per 10k,2010,1.9
Madagascar,MD per 10k,2011,1.4
Madagascar,MD per 10k,2012,1.39
Madagascar,MD per 10k,2013,1.49
Madagascar,MD per 10k,2014,1.77
Madagascar,MD per 10k,2018,1.95
Malawi,MD per 10k,2004,0.21
Malawi,MD per 10k,2008,0.19
Malawi,MD per 10k,2009,0.19
Malawi,MD per 10k,2013,0.13
Malawi,MD per 10k,2016,0.31
Malawi,MD per 10k,2018,1.5
Malawi,MD per 10k,2020,0.49
Malaysia,MD per 10k,2000,6.81
Malaysia,MD per 10k,2002,7.23
Malaysia,MD per 10k,2003,7.35
Malaysia,MD per 10k,2004,7.2
Malaysia,MD per 10k,2005,7.76
Malaysia,MD per 10k,2006,8.28
Malaysia,MD per 10k,2007,8.76
Malaysia,MD per 10k,2008,9.07
Malaysia,MD per 10k,2009,10.82
Malaysia,MD per 10k,2010,11.48
Malaysia,MD per 10k,2011,12.54
Malaysia,MD per 10k,2012,13.05
Malaysia,MD per 10k,2013,15.57
Malaysia,MD per 10k,2014,14.89
Malaysia,MD per 10k,2015,14.96
Malaysia,MD per 10k,2016,15.89
Malaysia,MD per 10k,2017,18.09
Malaysia,MD per 10k,2018,18.88
Malaysia,MD per 10k,2019,20.6
Malaysia,MD per 10k,2020,22.28
Maldives,MD per 10k,1991,1.9
Maldives,MD per 10k,1993,2.81
Maldives,MD per 10k,1996,6.56
Maldives,MD per 10k,2004,10.0
Maldives,MD per 10k,2007,16.98
Maldives,MD per 10k,2009,15.07
Maldives,MD per 10k,2010,14.52
Maldives,MD per 10k,2014,18.48
Maldives,MD per 10k,2016,12.88
Maldives,MD per 10k,2017,18.37
Maldives,MD per 10k,2018,17.99
Maldives,MD per 10k,2019,21.61
Mali,MD per 10k,2004,0.57
Mali,MD per 10k,2005,0.62
Mali,MD per 10k,2006,0.58
Mali,MD per 10k,2007,0.61
Mali,MD per 10k,2008,0.64
Mali,MD per 10k,2009,1.19
Mali,MD per 10k,2010,0.99
Mali,MD per 10k,2011,1.14
Mali,MD per 10k,2012,1.03
Mali,MD per 10k,2013,1.16
Mali,MD per 10k,2014,1.0
Mali,MD per 10k,2015,0.97
Mali,MD per 10k,2016,1.2
Mali,MD per 10k,2017,1.16
Mali,MD per 10k,2018,1.23
Malta,MD per 10k,1990,21.89
Malta,MD per 10k,1991,23.73
Malta,MD per 10k,1992,23.53
Malta,MD per 10k,1993,24.25
Malta,MD per 10k,1997,23.79
Malta,MD per 10k,1998,25.07
Malta,MD per 10k,2000,25.65
Malta,MD per 10k,2001,30.36
Malta,MD per 10k,2002,32.17
Malta,MD per 10k,2003,30.82
Malta,MD per 10k,2008,33.24
Malta,MD per 10k,2009,18.99
Malta,MD per 10k,2010,21.3
Malta,MD per 10k,2011,22.07
Malta,MD per 10k,2012,23.12
Malta,MD per 10k,2013,23.95
Malta,MD per 10k,2014,25.63
Malta,MD per 10k,2015,27.16
Malta,MD per 10k,2021,54.85
Marshall Islands,MD per 10k,2007,5.74
Marshall Islands,MD per 10k,2010,5.99
Marshall Islands,MD per 10k,2011,6.23
Marshall Islands,MD per 10k,2012,4.6
Mauritania,MD per 10k,2004,1.06
Mauritania,MD per 10k,2009,1.34
Mauritania,MD per 10k,2010,1.6
Mauritania,MD per 10k,2014,1.62
Mauritania,MD per 10k,2015,1.75
Mauritania,MD per 10k,2017,1.9
Mauritania,MD per 10k,2018,1.92
Mauritius,MD per 10k,2000,8.88
Mauritius,MD per 10k,2001,9.04
Mauritius,MD per 10k,2002,9.61
Mauritius,MD per 10k,2003,9.44
Mauritius,MD per 10k,2004,10.42
Mauritius,MD per 10k,2005,10.67
Mauritius,MD per 10k,2006,11.07
Mauritius,MD per 10k,2007,11.22
Mauritius,MD per 10k,2008,11.37
Mauritius,MD per 10k,2009,11.52
Mauritius,MD per 10k,2010,11.69
Mauritius,MD per 10k,2011,14.07
Mauritius,MD per 10k,2012,13.36
Mauritius,MD per 10k,2013,15.85
Mauritius,MD per 10k,2014,18.8
Mauritius,MD per 10k,2015,19.72
Mauritius,MD per 10k,2016,21.4
Mauritius,MD per 10k,2017,22.61
Mauritius,MD per 10k,2018,18.49
Mauritius,MD per 10k,2019,25.38
Mauritius,MD per 10k,2020,26.58
Mexico,MD per 10k,1990,10.02
Mexico,MD per 10k,1991,11.93
Mexico,MD per 10k,1992,13.5
Mexico,MD per 10k,1993,14.99
Mexico,MD per 10k,1994,15.97
Mexico,MD per 10k,1995,16.85
Mexico,MD per 10k,1996,16.8
Mexico,MD per 10k,1997,17.17
Mexico,MD per 10k,1998,17.3
Mexico,MD per 10k,1999,17.32
Mexico,MD per 10k,2000,16.44
Mexico,MD per 10k,2001,15.3
Mexico,MD per 10k,2002,15.38
Mexico,MD per 10k,2003,15.89
Mexico,MD per 10k,2004,16.62
Mexico,MD per 10k,2005,17.75
Mexico,MD per 10k,2006,18.93
Mexico,MD per 10k,2007,19.37
Mexico,MD per 10k,2008,19.7
Mexico,MD per 10k,2009,20.04
Mexico,MD per 10k,2010,20.26
Mexico,MD per 10k,2011,21.29
Mexico,MD per 10k,2012,21.4
Mexico,MD per 10k,2013,21.84
Mexico,MD per 10k,2014,22.56
Mexico,MD per 10k,2015,23.58
Mexico,MD per 10k,2016,23.59
Mexico,MD per 10k,2017,24.2
Mexico,MD per 10k,2018,24.67
Mexico,MD per 10k,2019,24.74
Mexico,MD per 10k,2020,24.41
Micronesia,MD per 10k,2000,5.73
Micronesia,MD per 10k,2003,5.37
Micronesia,MD per 10k,2005,5.59
Micronesia,MD per 10k,2008,5.89
Micronesia,MD per 10k,2012,6.65
Micronesia,MD per 10k,2020,9.63
Moldova,MD per 10k,1990,34.56
Moldova,MD per 10k,1991,33.83
Moldova,MD per 10k,1992,33.97
Moldova,MD per 10k,1993,34.4
Moldova,MD per 10k,1994,34.57
Moldova,MD per 10k,1995,34.17
Moldova,MD per 10k,1996,34.78
Moldova,MD per 10k,1997,35.14
Moldova,MD per 10k,1998,35.83
Moldova,MD per 10k,2000,24.27
Moldova,MD per 10k,2001,22.85
Moldova,MD per 10k,2002,23.27
Moldova,MD per 10k,2003,23.27
Moldova,MD per 10k,2004,22.47
Moldova,MD per 10k,2005,24.72
Moldova,MD per 10k,2006,25.0
Moldova,MD per 10k,2007,25.43
Moldova,MD per 10k,2008,25.4
Moldova,MD per 10k,2009,26.13
Moldova,MD per 10k,2010,26.45
Moldova,MD per 10k,2011,27.39
Moldova,MD per 10k,2012,28.05
Moldova,MD per 10k,2013,29.85
Moldova,MD per 10k,2014,30.2
Moldova,MD per 10k,2015,30.85
Moldova,MD per 10k,2017,40.93
Moldova,MD per 10k,2019,33.27
Moldova,MD per 10k,2020,40.57
Monaco,MD per 10k,1992,27.27
Monaco,MD per 10k,2011,68.14
Monaco,MD per 10k,2012,67.72
Monaco,MD per 10k,2013,81.07
Monaco,MD per 10k,2014,77.56
Morocco,MD per 10k,2004,5.32
Morocco,MD per 10k,2007,5.85
Morocco,MD per 10k,2009,6.45
Morocco,MD per 10k,2013,6.3
Morocco,MD per 10k,2014,9.12
Morocco,MD per 10k,2017,7.32
Mozambique,MD per 10k,2004,0.26
Mozambique,MD per 10k,2006,0.26
Mozambique,MD per 10k,2009,0.46
Mozambique,MD per 10k,2010,0.5
Mozambique,MD per 10k,2011,0.53
Mozambique,MD per 10k,2012,0.56
Mozambique,MD per 10k,2013,0.58
Mozambique,MD per 10k,2017,0.76
Mozambique,MD per 10k,2018,0.84
Mozambique,MD per 10k,2019,0.85
Mozambique,MD per 10k,2020,0.83
Mozambique,MD per 10k,2021,0.81
Myanmar,MD per 10k,2004,3.76
Myanmar,MD per 10k,2005,3.89
Myanmar,MD per 10k,2006,4.26
Myanmar,MD per 10k,2007,4.5
Myanmar,MD per 10k,2008,4.87
Myanmar,MD per 10k,2009,5.01
Myanmar,MD per 10k,2010,5.35
Myanmar,MD per 10k,2011,5.64
Myanmar,MD per 10k,2012,5.94
Myanmar,MD per 10k,2016,6.33
Myanmar,MD per 10k,2017,8.82
Myanmar,MD per 10k,2018,6.9
Myanmar,MD per 10k,2019,7.51
Namibia,MD per 10k,2004,3.08
Namibia,MD per 10k,2007,3.85
Namibia,MD per 10k,2017,6.01
Namibia,MD per 10k,2018,6.01
Nepal,MD per 10k,2004,2.07
Nepal,MD per 10k,2012,5.1
Nepal,MD per 10k,2013,5.54
Nepal,MD per 10k,2017,8.92
Nepal,MD per 10k,2018,7.38
Nepal,MD per 10k,2019,8.03
Nepal,MD per 10k,2020,8.46
Nepal,MD per 10k,2021,8.67
Netherlands,MD per 10k,1990,25.07
Netherlands,MD per 10k,1991,25.97
Netherlands,MD per 10k,1999,23.8
Netherlands,MD per 10k,2000,24.47
Netherlands,MD per 10k,2001,25.25
Netherlands,MD per 10k,2002,25.9
Netherlands,MD per 10k,2003,26.32
Netherlands,MD per 10k,2004,26.62
Netherlands,MD per 10k,2005,27.17
Netherlands,MD per 10k,2006,27.99
Netherlands,MD per 10k,2007,27.92
Netherlands,MD per 10k,2008,28.68
Netherlands,MD per 10k,2009,29.22
Netherlands,MD per 10k,2010,29.63
Netherlands,MD per 10k,2011,31.31
Netherlands,MD per 10k,2012,32.48
Netherlands,MD per 10k,2013,33.01
Netherlands,MD per 10k,2014,34.07
Netherlands,MD per 10k,2015,34.71
Netherlands,MD per 10k,2016,35.17
Netherlands,MD per 10k,2017,35.88
Netherlands,MD per 10k,2018,36.61
Netherlands,MD per 10k,2019,37.51
Netherlands,MD per 10k,2020,38.36
New Zealand,MD per 10k,1990,18.66
New Zealand,MD per 10k,1991,18.89
New Zealand,MD per 10k,1992,19.03
New Zealand,MD per 10k,1993,19.23
New Zealand,MD per 10k,1994,19.83
New Zealand,MD per 10k,1995,20.5
New Zealand,MD per 10k,1996,20.48
New Zealand,MD per 10k,1997,21.78
New Zealand,MD per 10k,1998,22.29
New Zealand,MD per 10k,1999,22.48
New Zealand,MD per 10k,2000,22.35
New Zealand,MD per 10k,2001,21.83
New Zealand,MD per 10k,2002,21.26
New Zealand,MD per 10k,2003,21.79
New Zealand,MD per 10k,2004,21.92
New Zealand,MD per 10k,2005,21.07
New Zealand,MD per 10k,2006,22.74
New Zealand,MD per 10k,2007,22.99
New Zealand,MD per 10k,2008,24.64
New Zealand,MD per 10k,2009,25.81
New Zealand,MD per 10k,2010,26.26
New Zealand,MD per 10k,2011,26.55
New Zealand,MD per 10k,2012,27.14
New Zealand,MD per 10k,2013,28.24
New Zealand,MD per 10k,2014,28.94
New Zealand,MD per 10k,2015,30.46
New Zealand,MD per 10k,2016,31.47
New Zealand,MD per 10k,2017,32.99
New Zealand,MD per 10k,2018,33.53
New Zealand,MD per 10k,2019,33.9
New Zealand,MD per 10k,2020,34.48
New Zealand,MD per 10k,2021,35.16
Nicaragua,MD per 10k,2003,3.84
Nicaragua,MD per 10k,2005,4.98
Nicaragua,MD per 10k,2006,4.91
Nicaragua,MD per 10k,2007,5.25
Nicaragua,MD per 10k,2008,6.46
Nicaragua,MD per 10k,2009,7.0
Nicaragua,MD per 10k,2010,7.24
Nicaragua,MD per 10k,2011,8.08
Nicaragua,MD per 10k,2012,8.54
Nicaragua,MD per 10k,2013,8.9
Nicaragua,MD per 10k,2014,8.85
Nicaragua,MD per 10k,2015,9.2
Nicaragua,MD per 10k,2016,9.41
Nicaragua,MD per 10k,2017,9.75
Nicaragua,MD per 10k,2018,6.64
Niger,MD per 10k,2004,0.22
Niger,MD per 10k,2008,0.19
Niger,MD per 10k,2009,0.27
Niger,MD per 10k,2012,0.53
Niger,MD per 10k,2013,0.51
Niger,MD per 10k,2014,0.27
Niger,MD per 10k,2015,0.32
Niger,MD per 10k,2016,0.33
Niger,MD per 10k,2017,0.22
Niger,MD per 10k,2018,0.36
Niger,MD per 10k,2019,0.38
Niger,MD per 10k,2020,0.34
Nigeria,MD per 10k,2003,2.62
Nigeria,MD per 10k,2005,2.79
Nigeria,MD per 10k,2006,3.44
Nigeria,MD per 10k,2007,3.73
Nigeria,MD per 10k,2008,3.71
Nigeria,MD per 10k,2009,3.73
Nigeria,MD per 10k,2013,3.76
Nigeria,MD per 10k,2016,4.43
Nigeria,MD per 10k,2018,3.76
Nigeria,MD per 10k,2019,3.67
Nigeria,MD per 10k,2021,3.95
North Macedonia,MD per 10k,1990,21.51
North Macedonia,MD per 10k,1991,22.03
North Macedonia,MD per 10k,1992,22.62
North Macedonia,MD per 10k,1993,21.85
North Macedonia,MD per 10k,1994,21.93
North Macedonia,MD per 10k,1995,22.7
North Macedonia,MD per 10k,1996,22.27
North Macedonia,MD per 10k,1997,22.41
North Macedonia,MD per 10k,1998,22.4
North Macedonia,MD per 10k,1999,21.79
North Macedonia,MD per 10k,2000,21.86
North Macedonia,MD per 10k,2001,21.72
North Macedonia,MD per 10k,2002,22.15
North Macedonia,MD per 10k,2003,21.48
North Macedonia,MD per 10k,2004,21.63
North Macedonia,MD per 10k,2005,21.13
North Macedonia,MD per 10k,2006,24.92
North Macedonia,MD per 10k,2007,24.25
North Macedonia,MD per 10k,2008,25.71
North Macedonia,MD per 10k,2009,25.67
North Macedonia,MD per 10k,2010,26.46
North Macedonia,MD per 10k,2011,26.94
North Macedonia,MD per 10k,2012,27.41
North Macedonia,MD per 10k,2013,27.61
North Macedonia,MD per 10k,2015,28.34
Norway,MD per 10k,1991,26.02
Norway,MD per 10k,1992,26.56
Norway,MD per 10k,1993,27.02
Norway,MD per 10k,1994,27.85
Norway,MD per 10k,1995,29.53
Norway,MD per 10k,1996,30.47
Norway,MD per 10k,1997,30.75
Norway,MD per 10k,1998,31.66
Norway,MD per 10k,1999,32.87
Norway,MD per 10k,2000,33.8
Norway,MD per 10k,2001,35.4
Norway,MD per 10k,2002,32.18
Norway,MD per 10k,2003,32.3
Norway,MD per 10k,2004,34.0
Norway,MD per 10k,2005,35.63
Norway,MD per 10k,2006,37.31
Norway,MD per 10k,2007,38.44
Norway,MD per 10k,2008,39.55
Norway,MD per 10k,2009,40.48
Norway,MD per 10k,2010,41.14
Norway,MD per 10k,2011,41.88
Norway,MD per 10k,2012,42.31
Norway,MD per 10k,2013,43.05
Norway,MD per 10k,2014,44.29
Norway,MD per 10k,2015,44.51
Norway,MD per 10k,2016,45.81
Norway,MD per 10k,2017,47.35
Norway,MD per 10k,2018,48.57
Norway,MD per 10k,2019,49.68
Norway,MD per 10k,2020,50.86
Norway,MD per 10k,2021,51.68
Oman,MD per 10k,1990,7.99
Oman,MD per 10k,1995,11.4
Oman,MD per 10k,1997,8.56
Oman,MD per 10k,1998,9.21
Oman,MD per 10k,1999,9.4
Oman,MD per 10k,2000,13.9
Oman,MD per 10k,2001,14.31
Oman,MD per 10k,2002,14.71
Oman,MD per 10k,2003,15.32
Oman,MD per 10k,2004,15.68
Oman,MD per 10k,2005,16.63
Oman,MD per 10k,2006,17.88
Oman,MD per 10k,2007,18.84
Oman,MD per 10k,2008,19.59
Oman,MD per 10k,2009,20.62
Oman,MD per 10k,2010,20.34
Oman,MD per 10k,2011,19.73
Oman,MD per 10k,2012,19.95
Oman,MD per 10k,2013,20.1
Oman,MD per 10k,2014,21.58
Oman,MD per 10k,2015,21.27
Oman,MD per 10k,2016,19.6
Oman,MD per 10k,2017,20.11
Oman,MD per 10k,2018,21.03
Oman,MD per 10k,2019,20.86
Oman,MD per 10k,2020,19.94
Pakistan,MD per 10k,1992,4.91
Pakistan,MD per 10k,1993,5.02
Pakistan,MD per 10k,1994,5.12
Pakistan,MD per 10k,1995,5.24
Pakistan,MD per 10k,1996,5.41
Pakistan,MD per 10k,1997,5.55
Pakistan,MD per 10k,1998,5.68
Pakistan,MD per 10k,1999,5.82
Pakistan,MD per 10k,2000,5.95
Pakistan,MD per 10k,2001,6.05
Pakistan,MD per 10k,2004,6.82
Pakistan,MD per 10k,2005,7.25
Pakistan,MD per 10k,2007,7.03
Pakistan,MD per 10k,2008,7.21
Pakistan,MD per 10k,2009,7.34
Pakistan,MD per 10k,2010,7.45
Pakistan,MD per 10k,2011,7.67
Pakistan,MD per 10k,2012,7.96
Pakistan,MD per 10k,2013,8.17
Pakistan,MD per 10k,2014,8.41
Pakistan,MD per 10k,2015,8.76
Pakistan,MD per 10k,2016,9.17
Pakistan,MD per 10k,2017,9.61
Pakistan,MD per 10k,2018,9.47
Pakistan,MD per 10k,2019,10.84
Palau,MD per 10k,1998,13.76
Palau,MD per 10k,2006,13.27
Palau,MD per 10k,2009,15.43
Palau,MD per 10k,2010,15.68
Palau,MD per 10k,2014,14.05
Palau,MD per 10k,2020,17.78
Panama,MD per 10k,1990,11.22
Panama,MD per 10k,1991,11.32
Panama,MD per 10k,1992,11.54
Panama,MD per 10k,1993,11.88
Panama,MD per 10k,1994,11.35
Panama,MD per 10k,1995,11.77
Panama,MD per 10k,1996,12.16
Panama,MD per 10k,1997,12.14
Panama,MD per 10k,1998,12.04
Panama,MD per 10k,1999,12.44
Panama,MD per 10k,2001,12.56
Panama,MD per 10k,2002,13.47
Panama,MD per 10k,2003,13.52
Panama,MD per 10k,2004,13.32
Panama,MD per 10k,2005,13.58
Panama,MD per 10k,2006,13.58
Panama,MD per 10k,2007,13.12
Panama,MD per 10k,2008,13.89
Panama,MD per 10k,2009,13.17
Panama,MD per 10k,2010,14.13
Panama,MD per 10k,2011,15.05
Panama,MD per 10k,2012,16.05
Panama,MD per 10k,2013,15.88
Panama,MD per 10k,2015,15.81
Panama,MD per 10k,2016,15.74
Panama,MD per 10k,2017,15.9
Panama,MD per 10k,2018,16.1
Panama,MD per 10k,2019,16.38
Panama,MD per 10k,2020,16.29
Papua New Guinea,MD per 10k,2000,0.5
Papua New Guinea,MD per 10k,2008,0.47
Papua New Guinea,MD per 10k,2010,0.5
Papua New Guinea,MD per 10k,2018,0.65
Papua New Guinea,MD per 10k,2019,0.61
Papua New Guinea,MD per 10k,2021,0.63
Paraguay,MD per 10k,2002,12.02
Paraguay,MD per 10k,2012,13.85
Paraguay,MD per 10k,2018,14.62
Paraguay,MD per 10k,2021,32.42
Peru,MD per 10k,1999,11.35
Peru,MD per 10k,2007,16.49
Peru,MD per 10k,2009,9.4
Peru,MD per 10k,2012,11.32
Peru,MD per 10k,2016,12.96
Peru,MD per 10k,2018,13.6
Peru,MD per 10k,2021,16.46
Philippines,MD per 10k,2000,12.19
Philippines,MD per 10k,2001,12.21
Philippines,MD per 10k,2002,11.12
Philippines,MD per 10k,2003,12.27
Philippines,MD per 10k,2004,11.09
Philippines,MD per 10k,2005,12.3
Philippines,MD per 10k,2006,12.36
Philippines,MD per 10k,2007,12.42
Philippines,MD per 10k,2008,12.51
Philippines,MD per 10k,2009,12.56
Philippines,MD per 10k,2010,12.63
Philippines,MD per 10k,2017,6.69
Philippines,MD per 10k,2018,7.01
Philippines,MD per 10k,2019,7.35
Philippines,MD per 10k,2020,7.52
Philippines,MD per 10k,2021,7.86
Poland,MD per 10k,1990,21.45
Poland,MD per 10k,1991,21.73
Poland,MD per 10k,1992,21.89
Poland,MD per 10k,1993,22.28
Poland,MD per 10k,1994,22.86
Poland,MD per 10k,1995,23.29
Poland,MD per 10k,1996,23.65
Poland,MD per 10k,1997,23.73
Poland,MD per 10k,1998,23.47
Poland,MD per 10k,1999,22.82
Poland,MD per 10k,2000,22.08
Poland,MD per 10k,2001,22.43
Poland,MD per 10k,2002,22.79
Poland,MD per 10k,2003,24.08
Poland,MD per 10k,2004,22.66
Poland,MD per 10k,2005,21.15
Poland,MD per 10k,2006,21.56
Poland,MD per 10k,2007,21.68
Poland,MD per 10k,2008,21.39
Poland,MD per 10k,2009,21.48
Poland,MD per 10k,2010,21.56
Poland,MD per 10k,2011,21.81
Poland,MD per 10k,2012,22.01
Poland,MD per 10k,2013,22.08
Poland,MD per 10k,2014,22.73
Poland,MD per 10k,2015,22.94
Poland,MD per 10k,2016,23.81
Poland,MD per 10k,2017,23.43
Poland,MD per 10k,2020,37.14
Portugal,MD per 10k,1990,28.0
Portugal,MD per 10k,1991,28.38
Portugal,MD per 10k,1992,28.59
Portugal,MD per 10k,1993,28.71
Portugal,MD per 10k,1994,28.9
Portugal,MD per 10k,1995,29.23
Portugal,MD per 10k,1996,30.02
Portugal,MD per 10k,1997,30.43
Portugal,MD per 10k,1998,30.99
Portugal,MD per 10k,1999,31.21
Portugal,MD per 10k,2000,32.02
Portugal,MD per 10k,2001,32.52
Portugal,MD per 10k,2002,32.85
Portugal,MD per 10k,2003,33.36
Portugal,MD per 10k,2004,34.11
Portugal,MD per 10k,2005,34.95
Portugal,MD per 10k,2006,35.65
Portugal,MD per 10k,2007,36.51
Portugal,MD per 10k,2008,37.46
Portugal,MD per 10k,2009,38.53
Portugal,MD per 10k,2010,39.79
Portugal,MD per 10k,2011,41.2
Portugal,MD per 10k,2012,42.38
Portugal,MD per 10k,2013,43.97
Portugal,MD per 10k,2014,45.61
Portugal,MD per 10k,2015,47.5
Portugal,MD per 10k,2016,49.36
Portugal,MD per 10k,2017,51.15
Portugal,MD per 10k,2018,52.94
Portugal,MD per 10k,2019,54.5
Portugal,MD per 10k,2020,56.15
Qatar,MD per 10k,2005,25.33
Qatar,MD per 10k,2006,22.79
Qatar,MD per 10k,2008,31.92
Qatar,MD per 10k,2009,31.83
Qatar,MD per 10k,2010,40.38
Qatar,MD per 10k,2014,19.27
Qatar,MD per 10k,2016,27.56
Qatar,MD per 10k,2018,24.99
Romania,MD per 10k,1994,17.72
Romania,MD per 10k,1998,18.64
Romania,MD per 10k,2000,19.73
Romania,MD per 10k,2001,19.99
Romania,MD per 10k,2002,21.15
Romania,MD per 10k,2004,22.62
Romania,MD per 10k,2005,22.47
Romania,MD per 10k,2006,22.45
Romania,MD per 10k,2007,23.24
Romania,MD per 10k,2008,24.4
Romania,MD per 10k,2009,24.62
Romania,MD per 10k,2010,24.97
Romania,MD per 10k,2011,25.3
Romania,MD per 10k,2012,26.0
Romania,MD per 10k,2013,26.33
Romania,MD per 10k,2016,22.56
Romania,MD per 10k,2017,29.74
Russian Federation,MD per 10k,1990,45.09
Russian Federation,MD per 10k,1991,42.59
Russian Federation,MD per 10k,1992,42.85
Russian Federation,MD per 10k,1993,43.09
Russian Federation,MD per 10k,1994,42.79
Russian Federation,MD per 10k,1995,44.0
Russian Federation,MD per 10k,1996,45.15
Russian Federation,MD per 10k,1997,45.52
Russian Federation,MD per 10k,1998,46.03
Russian Federation,MD per 10k,1999,46.32
Russian Federation,MD per 10k,2000,46.32
Russian Federation,MD per 10k,2001,46.35
Russian Federation,MD per 10k,2002,46.87
Russian Federation,MD per 10k,2003,47.33
Russian Federation,MD per 10k,2004,47.68
Russian Federation,MD per 10k,2005,48.0
Russian Federation,MD per 10k,2006,48.99
Russian Federation,MD per 10k,2007,49.42
Russian Federation,MD per 10k,2008,49.19
Russian Federation,MD per 10k,2009,49.68
Russian Federation,MD per 10k,2010,49.97
Russian Federation,MD per 10k,2011,42.4
Russian Federation,MD per 10k,2012,40.22
Russian Federation,MD per 10k,2013,40.05
Russian Federation,MD per 10k,2014,41.38
Russian Federation,MD per 10k,2015,39.42
Russian Federation,MD per 10k,2016,39.82
Russian Federation,MD per 10k,2017,40.78
Russian Federation,MD per 10k,2018,41.19
Russian Federation,MD per 10k,2019,41.87
Russian Federation,MD per 10k,2020,38.27
Rwanda,MD per 10k,2013,0.99
Rwanda,MD per 10k,2014,0.89
Rwanda,MD per 10k,2015,1.1
Rwanda,MD per 10k,2016,1.2
Rwanda,MD per 10k,2017,1.35
Rwanda,MD per 10k,2018,1.32
Rwanda,MD per 10k,2019,1.16
Saint Kitts and Nevis,MD per 10k,1990,6.9
Saint Kitts and Nevis,MD per 10k,1991,6.91
Saint Kitts and Nevis,MD per 10k,1992,7.58
Saint Kitts and Nevis,MD per 10k,1993,7.73
Saint Kitts and Nevis,MD per 10k,1994,9.29
Saint Kitts and Nevis,MD per 10k,1995,10.8
Saint Kitts and Nevis,MD per 10k,1996,11.14
Saint Kitts and Nevis,MD per 10k,1997,10.98
Saint Kitts and Nevis,MD per 10k,1998,10.41
Saint Kitts and Nevis,MD per 10k,1999,10.27
Saint Kitts and Nevis,MD per 10k,2001,10.65
Saint Kitts and Nevis,MD per 10k,2015,28.66
Saint Kitts and Nevis,MD per 10k,2018,30.34
Saint Lucia,MD per 10k,2010,16.79
Saint Lucia,MD per 10k,2011,18.42
Saint Lucia,MD per 10k,2012,21.84
Saint Lucia,MD per 10k,2013,24.89
Saint Lucia,MD per 10k,2014,18.94
Saint Lucia,MD per 10k,2017,6.55
Saint Vincent and the Grenadines,MD per 10k,1997,8.84
Saint Vincent and the Grenadines,MD per 10k,2000,7.82
Saint Vincent and the Grenadines,MD per 10k,2001,5.46
Saint Vincent and the Grenadines,MD per 10k,2004,8.97
Saint Vincent and the Grenadines,MD per 10k,2010,6.59
Saint Vincent and the Grenadines,MD per 10k,2012,9.44
Samoa,MD per 10k,1999,6.59
Samoa,MD per 10k,2003,2.67
Samoa,MD per 10k,2005,2.65
Samoa,MD per 10k,2008,4.43
Samoa,MD per 10k,2010,3.29
Samoa,MD per 10k,2013,4.6
Samoa,MD per 10k,2016,3.26
Samoa,MD per 10k,2020,5.54
San Marino,MD per 10k,2011,47.69
San Marino,MD per 10k,2012,49.55
San Marino,MD per 10k,2013,49.25
San Marino,MD per 10k,2014,60.18
Sao Tome and Principe,MD per 10k,2004,5.14
Sao Tome and Principe,MD per 10k,2015,3.13
Sao Tome and Principe,MD per 10k,2019,4.89
Saudi Arabia,MD per 10k,2000,6.94
Saudi Arabia,MD per 10k,2001,6.55
Saudi Arabia,MD per 10k,2008,16.73
Saudi Arabia,MD per 10k,2009,16.47
Saudi Arabia,MD per 10k,2010,19.2
Saudi Arabia,MD per 10k,2011,19.66
Saudi Arabia,MD per 10k,2012,19.96
Saudi Arabia,MD per 10k,2013,21.59
Saudi Arabia,MD per 10k,2014,21.4
Saudi Arabia,MD per 10k,2015,22.37
Saudi Arabia,MD per 10k,2016,22.67
Saudi Arabia,MD per 10k,2017,24.09
Saudi Arabia,MD per 10k,2018,25.14
Saudi Arabia,MD per 10k,2019,26.33
Saudi Arabia,MD per 10k,2020,26.48
Saudi Arabia,MD per 10k,2021,27.89
Senegal,MD per 10k,2004,0.56
Senegal,MD per 10k,2008,0.62
Senegal,MD per 10k,2016,0.78
Senegal,MD per 10k,2017,0.7
Senegal,MD per 10k,2019,0.9
Senegal,MD per 10k,2020,0.84
Serbia,MD per 10k,2003,26.05
Serbia,MD per 10k,2004,26.67
Serbia,MD per 10k,2005,26.54
Serbia,MD per 10k,2006,26.82
Serbia,MD per 10k,2007,27.51
Serbia,MD per 10k,2008,28.41
Serbia,MD per 10k,2009,28.72
Serbia,MD per 10k,2010,29.16
Serbia,MD per 10k,2011,29.41
Serbia,MD per 10k,2012,29.4
Serbia,MD per 10k,2013,29.4
Serbia,MD per 10k,2014,29.03
Serbia,MD per 10k,2015,29.04
Serbia,MD per 10k,2016,36.78
Seychelles,MD per 10k,2004,14.29
Seychelles,MD per 10k,2005,12.11
Seychelles,MD per 10k,2006,8.61
Seychelles,MD per 10k,2007,10.31
Seychelles,MD per 10k,2008,7.81
Seychelles,MD per 10k,2009,11.32
Seychelles,MD per 10k,2010,10.82
Seychelles,MD per 10k,2011,11.41
Seychelles,MD per 10k,2012,9.76
Seychelles,MD per 10k,2016,20.2
Seychelles,MD per 10k,2018,23.28
Seychelles,MD per 10k,2019,21.07
Sierra Leone,MD per 10k,2004,0.3
Sierra Leone,MD per 10k,2010,0.21
Sierra Leone,MD per 10k,2011,0.25
Sierra Leone,MD per 10k,2018,0.72
Sierra Leone,MD per 10k,2020,0.7
Singapore,MD per 10k,1999,13.43
Singapore,MD per 10k,2000,13.76
Singapore,MD per 10k,2001,14.37
Singapore,MD per 10k,2002,14.43
Singapore,MD per 10k,2003,14.89
Singapore,MD per 10k,2004,15.2
Singapore,MD per 10k,2005,15.53
Singapore,MD per 10k,2006,15.45
Singapore,MD per 10k,2007,15.83
Singapore,MD per 10k,2008,16.21
Singapore,MD per 10k,2009,16.61
Singapore,MD per 10k,2010,17.49
Singapore,MD per 10k,2011,18.26
Singapore,MD per 10k,2012,19.0
Singapore,MD per 10k,2013,19.99
Singapore,MD per 10k,2014,21.06
Singapore,MD per 10k,2015,22.05
Singapore,MD per 10k,2016,22.7
Singapore,MD per 10k,2017,23.22
Singapore,MD per 10k,2018,23.68
Singapore,MD per 10k,2019,24.34
Slovakia,MD per 10k,2000,32.4
Slovakia,MD per 10k,2001,32.25
Slovakia,MD per 10k,2002,32.03
Slovakia,MD per 10k,2003,31.49
Slovakia,MD per 10k,2004,31.51
Slovakia,MD per 10k,2005,30.35
Slovakia,MD per 10k,2006,31.69
Slovakia,MD per 10k,2007,33.87
Slovakia,MD per 10k,2008,33.67
Slovakia,MD per 10k,2009,33.03
Slovakia,MD per 10k,2010,33.56
Slovakia,MD per 10k,2011,33.04
Slovakia,MD per 10k,2012,33.63
Slovakia,MD per 10k,2013,33.9
Slovakia,MD per 10k,2014,34.27
Slovakia,MD per 10k,2015,34.51
Slovakia,MD per 10k,2016,34.73
Slovakia,MD per 10k,2017,34.21
Slovakia,MD per 10k,2018,35.21
Slovakia,MD per 10k,2019,35.67
Slovakia,MD per 10k,2020,36.7
Slovakia,MD per 10k,2021,46.29
Slovenia,MD per 10k,1990,20.7
Slovenia,MD per 10k,1991,20.88
Slovenia,MD per 10k,1992,20.94
Slovenia,MD per 10k,1993,20.28
Slovenia,MD per 10k,1994,21.87
Slovenia,MD per 10k,1995,21.17
Slovenia,MD per 10k,1996,21.35
Slovenia,MD per 10k,1997,22.29
Slovenia,MD per 10k,1998,21.8
Slovenia,MD per 10k,1999,21.23
Slovenia,MD per 10k,2000,21.56
Slovenia,MD per 10k,2001,21.82
Slovenia,MD per 10k,2002,22.38
Slovenia,MD per 10k,2003,22.54
Slovenia,MD per 10k,2004,22.98
Slovenia,MD per 10k,2005,23.4
Slovenia,MD per 10k,2006,23.54
Slovenia,MD per 10k,2007,23.79
Slovenia,MD per 10k,2008,23.86
Slovenia,MD per 10k,2009,24.03
Slovenia,MD per 10k,2010,24.2
Slovenia,MD per 10k,2011,24.79
Slovenia,MD per 10k,2012,25.26
Slovenia,MD per 10k,2013,26.13
Slovenia,MD per 10k,2014,27.53
Slovenia,MD per 10k,2015,28.02
Slovenia,MD per 10k,2016,29.78
Slovenia,MD per 10k,2017,30.54
Slovenia,MD per 10k,2018,31.3
Slovenia,MD per 10k,2019,32.24
Slovenia,MD per 10k,2020,32.79
Solomon Islands,MD per 10k,1999,1.29
Solomon Islands,MD per 10k,2003,1.3
Solomon Islands,MD per 10k,2005,1.85
Solomon Islands,MD per 10k,2008,1.73
Solomon Islands,MD per 10k,2011,1.97
Solomon Islands,MD per 10k,2012,1.52
Solomon Islands,MD per 10k,2013,1.84
Solomon Islands,MD per 10k,2016,1.91
South Africa,MD per 10k,2004,7.17
South Africa,MD per 10k,2016,7.65
South Africa,MD per 10k,2017,7.88
South Africa,MD per 10k,2018,7.59
South Africa,MD per 10k,2019,7.99
South Africa,MD per 10k,2021,8.09
South Korea,MD per 10k,1990,8.11
South Korea,MD per 10k,1991,8.75
South Korea,MD per 10k,1992,9.48
South Korea,MD per 10k,1993,10.12
South Korea,MD per 10k,1994,10.57
South Korea,MD per 10k,1995,11.16
South Korea,MD per 10k,1996,11.69
South Korea,MD per 10k,1997,12.33
South Korea,MD per 10k,1998,12.69
South Korea,MD per 10k,1999,13.15
South Korea,MD per 10k,2000,13.02
South Korea,MD per 10k,2001,13.96
South Korea,MD per 10k,2002,14.99
South Korea,MD per 10k,2003,15.79
South Korea,MD per 10k,2004,15.76
South Korea,MD per 10k,2005,16.36
South Korea,MD per 10k,2006,17.0
South Korea,MD per 10k,2007,17.52
South Korea,MD per 10k,2008,18.71
South Korea,MD per 10k,2009,19.49
South Korea,MD per 10k,2010,20.14
South Korea,MD per 10k,2011,20.62
South Korea,MD per 10k,2012,20.98
South Korea,MD per 10k,2013,21.74
South Korea,MD per 10k,2014,22.09
South Korea,MD per 10k,2015,22.42
South Korea,MD per 10k,2016,22.89
South Korea,MD per 10k,2017,23.42
South Korea,MD per 10k,2018,23.85
South Korea,MD per 10k,2019,24.57
South Korea,MD per 10k,2020,25.08
Spain,MD per 10k,1990,20.47
Spain,MD per 10k,1991,39.31
Spain,MD per 10k,1992,39.82
Spain,MD per 10k,1993,40.41
Spain,MD per 10k,1994,40.91
Spain,MD per 10k,1995,40.85
Spain,MD per 10k,1996,27.4
Spain,MD per 10k,1997,28.59
Spain,MD per 10k,1998,29.13
Spain,MD per 10k,1999,30.39
Spain,MD per 10k,2000,31.22
Spain,MD per 10k,2001,31.27
Spain,MD per 10k,2002,31.26
Spain,MD per 10k,2003,32.2
Spain,MD per 10k,2004,34.41
Spain,MD per 10k,2005,35.43
Spain,MD per 10k,2006,36.23
Spain,MD per 10k,2007,35.59
Spain,MD per 10k,2008,35.44
Spain,MD per 10k,2009,35.97
Spain,MD per 10k,2010,37.58
Spain,MD per 10k,2011,38.36
Spain,MD per 10k,2012,38.25
Spain,MD per 10k,2013,38.12
Spain,MD per 10k,2014,38.02
Spain,MD per 10k,2015,38.47
Spain,MD per 10k,2016,38.24
Spain,MD per 10k,2017,38.78
Spain,MD per 10k,2018,40.21
Spain,MD per 10k,2019,44.04
Spain,MD per 10k,2020,45.77
Sri Lanka,MD per 10k,1991,1.4
Sri Lanka,MD per 10k,1992,1.67
Sri Lanka,MD per 10k,1993,2.08
Sri Lanka,MD per 10k,1994,1.86
Sri Lanka,MD per 10k,1995,2.23
Sri Lanka,MD per 10k,1996,2.79
Sri Lanka,MD per 10k,1997,3.05
Sri Lanka,MD per 10k,1998,3.46
Sri Lanka,MD per 10k,1999,3.75
Sri Lanka,MD per 10k,2000,4.24
Sri Lanka,MD per 10k,2001,4.43
Sri Lanka,MD per 10k,2004,5.38
Sri Lanka,MD per 10k,2005,5.18
Sri Lanka,MD per 10k,2006,5.17
Sri Lanka,MD per 10k,2007,5.49
Sri Lanka,MD per 10k,2008,6.15
Sri Lanka,MD per 10k,2009,6.71
Sri Lanka,MD per 10k,2010,7.1
Sri Lanka,MD per 10k,2011,7.23
Sri Lanka,MD per 10k,2012,7.47
Sri Lanka,MD per 10k,2013,7.81
Sri Lanka,MD per 10k,2014,8.19
Sri Lanka,MD per 10k,2015,8.45
Sri Lanka,MD per 10k,2016,8.76
Sri Lanka,MD per 10k,2017,9.11
Sri Lanka,MD per 10k,2018,9.88
Sri Lanka,MD per 10k,2019,11.37
Sri Lanka,MD per 10k,2020,12.12
Sri Lanka,MD per 10k,2021,11.92
Sudan,MD per 10k,2004,2.62
Sudan,MD per 10k,2006,3.65
Sudan,MD per 10k,2007,3.64
Sudan,MD per 10k,2008,3.37
Sudan,MD per 10k,2015,4.15
Sudan,MD per 10k,2017,2.63
Suriname,MD per 10k,2000,3.99
Suriname,MD per 10k,2004,7.83
Suriname,MD per 10k,2009,6.83
Suriname,MD per 10k,2015,10.17
Suriname,MD per 10k,2016,10.99
Suriname,MD per 10k,2017,11.5
Suriname,MD per 10k,2018,7.95
Sweden,MD per 10k,1990,32.53
Sweden,MD per 10k,1991,33.7
Sweden,MD per 10k,1992,34.79
Sweden,MD per 10k,1993,35.8
Sweden,MD per 10k,1994,36.8
Sweden,MD per 10k,1995,28.39
Sweden,MD per 10k,1996,28.56
Sweden,MD per 10k,1997,28.67
Sweden,MD per 10k,1998,29.28
Sweden,MD per 10k,1999,29.7
Sweden,MD per 10k,2000,30.27
Sweden,MD per 10k,2001,31.22
Sweden,MD per 10k,2002,32.13
Sweden,MD per 10k,2003,32.83
Sweden,MD per 10k,2004,33.7
Sweden,MD per 10k,2005,34.47
Sweden,MD per 10k,2006,35.34
Sweden,MD per 10k,2007,36.2
Sweden,MD per 10k,2008,36.79
Sweden,MD per 10k,2009,37.5
Sweden,MD per 10k,2010,38.07
Sweden,MD per 10k,2011,38.82
Sweden,MD per 10k,2012,39.54
Sweden,MD per 10k,2013,40.24
Sweden,MD per 10k,2014,40.89
Sweden,MD per 10k,2015,41.55
Sweden,MD per 10k,2016,42.21
Sweden,MD per 10k,2017,42.7
Sweden,MD per 10k,2018,43.27
Sweden,MD per 10k,2019,42.9
Sweden,MD per 10k,2020,70.62
Switzerland,MD per 10k,1990,29.84
Switzerland,MD per 10k,1991,30.31
Switzerland,MD per 10k,1992,30.13
Switzerland,MD per 10k,1993,30.62
Switzerland,MD per 10k,1994,31.16
Switzerland,MD per 10k,1995,31.65
Switzerland,MD per 10k,1996,32.13
Switzerland,MD per 10k,1997,32.66
Switzerland,MD per 10k,1998,33.31
Switzerland,MD per 10k,1999,33.64
Switzerland,MD per 10k,2000,35.11
Switzerland,MD per 10k,2001,35.15
Switzerland,MD per 10k,2002,35.62
Switzerland,MD per 10k,2003,36.59
Switzerland,MD per 10k,2004,36.97
Switzerland,MD per 10k,2005,37.41
Switzerland,MD per 10k,2006,37.92
Switzerland,MD per 10k,2007,37.89
Switzerland,MD per 10k,2008,38.22
Switzerland,MD per 10k,2009,38.37
Switzerland,MD per 10k,2010,38.1
Switzerland,MD per 10k,2011,38.34
Switzerland,MD per 10k,2012,39.16
Switzerland,MD per 10k,2013,40.41
Switzerland,MD per 10k,2014,41.26
Switzerland,MD per 10k,2015,41.97
Switzerland,MD per 10k,2016,42.51
Switzerland,MD per 10k,2017,42.98
Switzerland,MD per 10k,2018,43.39
Switzerland,MD per 10k,2019,43.5
Switzerland,MD per 10k,2020,43.89
Switzerland,MD per 10k,2021,44.43
Syria,MD per 10k,1997,13.03
Syria,MD per 10k,1998,13.48
Syria,MD per 10k,1999,13.45
Syria,MD per 10k,2000,13.74
Syria,MD per 10k,2002,14.61
Syria,MD per 10k,2003,13.9
Syria,MD per 10k,2004,14.32
Syria,MD per 10k,2005,15.2
Syria,MD per 10k,2007,14.29
Syria,MD per 10k,2008,14.3
Syria,MD per 10k,2009,13.71
Syria,MD per 10k,2010,13.97
Syria,MD per 10k,2014,14.46
Syria,MD per 10k,2016,11.86
Tajikistan,MD per 10k,1990,24.97
Tajikistan,MD per 10k,1991,25.49
Tajikistan,MD per 10k,1992,23.11
Tajikistan,MD per 10k,1993,21.22
Tajikistan,MD per 10k,1994,21.78
Tajikistan,MD per 10k,1995,20.46
Tajikistan,MD per 10k,1996,19.82
Tajikistan,MD per 10k,1997,19.25
Tajikistan,MD per 10k,1998,20.39
Tajikistan,MD per 10k,1999,20.95
Tajikistan,MD per 10k,2000,21.52
Tajikistan,MD per 10k,2001,20.94
Tajikistan,MD per 10k,2002,20.05
Tajikistan,MD per 10k,2003,19.02
Tajikistan,MD per 10k,2004,19.11
Tajikistan,MD per 10k,2005,19.15
Tajikistan,MD per 10k,2006,18.8
Tajikistan,MD per 10k,2007,18.63
Tajikistan,MD per 10k,2008,18.99
Tajikistan,MD per 10k,2009,16.21
Tajikistan,MD per 10k,2010,16.77
Tajikistan,MD per 10k,2011,17.02
Tajikistan,MD per 10k,2012,17.09
Tajikistan,MD per 10k,2013,16.93
Tajikistan,MD per 10k,2014,17.08
Tanzania,MD per 10k,2002,0.23
Tanzania,MD per 10k,2012,0.31
Tanzania,MD per 10k,2014,0.59
Tanzania,MD per 10k,2018,0.5
Thailand,MD per 10k,1991,2.28
Thailand,MD per 10k,1993,2.36
Thailand,MD per 10k,1995,2.39
Thailand,MD per 10k,1997,2.72
Thailand,MD per 10k,1998,2.91
Thailand,MD per 10k,1999,2.91
Thailand,MD per 10k,2001,2.98
Thailand,MD per 10k,2002,2.96
Thailand,MD per 10k,2004,2.9
Thailand,MD per 10k,2006,2.85
Thailand,MD per 10k,2007,2.93
Thailand,MD per 10k,2008,3.13
Thailand,MD per 10k,2009,3.34
Thailand,MD per 10k,2010,3.84
Thailand,MD per 10k,2015,4.55
Thailand,MD per 10k,2016,4.35
Thailand,MD per 10k,2017,7.88
Thailand,MD per 10k,2018,7.86
Thailand,MD per 10k,2019,8.97
Thailand,MD per 10k,2020,9.28
Togo,MD per 10k,2004,0.44
Togo,MD per 10k,2007,0.48
Togo,MD per 10k,2008,0.56
Togo,MD per 10k,2015,0.48
Togo,MD per 10k,2016,0.45
Togo,MD per 10k,2017,0.74
Togo,MD per 10k,2018,0.76
Togo,MD per 10k,2019,0.76
Togo,MD per 10k,2020,0.81
Togo,MD per 10k,2021,0.59
Trinidad and Tobago,MD per 10k,1995,9.05
Trinidad and Tobago,MD per 10k,1996,7.29
Trinidad and Tobago,MD per 10k,1997,7.2
Trinidad and Tobago,MD per 10k,1998,8.96
Trinidad and Tobago,MD per 10k,1999,8.82
Trinidad and Tobago,MD per 10k,2000,9.57
Trinidad and Tobago,MD per 10k,2001,9.22
Trinidad and Tobago,MD per 10k,2002,7.83
Trinidad and Tobago,MD per 10k,2003,7.67
Trinidad and Tobago,MD per 10k,2006,11.56
Trinidad and Tobago,MD per 10k,2007,11.14
Trinidad and Tobago,MD per 10k,2009,14.22
Trinidad and Tobago,MD per 10k,2010,17.03
Trinidad and Tobago,MD per 10k,2011,17.12
Trinidad and Tobago,MD per 10k,2015,24.87
Trinidad and Tobago,MD per 10k,2017,31.5
Trinidad and Tobago,MD per 10k,2018,38.49
Trinidad and Tobago,MD per 10k,2019,41.08
Trinidad and Tobago,MD per 10k,2021,34.12
Tunisia,MD per 10k,1990,5.24
Tunisia,MD per 10k,1991,5.22
Tunisia,MD per 10k,1992,5.79
Tunisia,MD per 10k,1993,5.86
Tunisia,MD per 10k,1994,5.85
Tunisia,MD per 10k,1995,6.42
Tunisia,MD per 10k,1996,6.55
Tunisia,MD per 10k,1997,6.76
Tunisia,MD per 10k,1998,7.05
Tunisia,MD per 10k,1999,7.3
Tunisia,MD per 10k,2000,7.52
Tunisia,MD per 10k,2001,7.77
Tunisia,MD per 10k,2002,7.89
Tunisia,MD per 10k,2003,8.03
Tunisia,MD per 10k,2004,12.95
Tunisia,MD per 10k,2005,9.07
Tunisia,MD per 10k,2007,9.98
Tunisia,MD per 10k,2008,10.8
Tunisia,MD per 10k,2010,11.93
Tunisia,MD per 10k,2014,12.36
Tunisia,MD per 10k,2015,12.68
Tunisia,MD per 10k,2016,12.41
Tunisia,MD per 10k,2017,12.61
Turkmenistan,MD per 10k,2000,27.16
Turkmenistan,MD per 10k,2001,27.26
Turkmenistan,MD per 10k,2002,69.6
Turkmenistan,MD per 10k,2003,26.07
Turkmenistan,MD per 10k,2004,25.5
Turkmenistan,MD per 10k,2005,24.37
Turkmenistan,MD per 10k,2006,23.23
Turkmenistan,MD per 10k,2007,22.69
Turkmenistan,MD per 10k,2008,22.28
Turkmenistan,MD per 10k,2009,22.15
Turkmenistan,MD per 10k,2010,21.96
Turkmenistan,MD per 10k,2011,22.05
Turkmenistan,MD per 10k,2012,21.59
Turkmenistan,MD per 10k,2013,21.35
Turkmenistan,MD per 10k,2014,21.47
Türkiye,MD per 10k,1990,9.32
Türkiye,MD per 10k,1991,9.85
Türkiye,MD per 10k,1992,10.12
Türkiye,MD per 10k,1993,10.66
Türkiye,MD per 10k,1994,11.29
Türkiye,MD per 10k,1995,11.44
Türkiye,MD per 10k,1996,11.46
Türkiye,MD per 10k,1997,11.68
Türkiye,MD per 10k,1998,12.06
Türkiye,MD per 10k,1999,12.61
Türkiye,MD per 10k,2000,13.3
Türkiye,MD per 10k,2001,13.8
Türkiye,MD per 10k,2002,13.93
Türkiye,MD per 10k,2003,14.13
Türkiye,MD per 10k,2004,14.33
Türkiye,MD per 10k,2005,14.68
Türkiye,MD per 10k,2006,15.01
Türkiye,MD per 10k,2007,15.38
Türkiye,MD per 10k,2008,15.87
Türkiye,MD per 10k,2009,16.43
Türkiye,MD per 10k,2010,16.87
Türkiye,MD per 10k,2011,16.99
Türkiye,MD per 10k,2012,17.24
Türkiye,MD per 10k,2013,17.47
Türkiye,MD per 10k,2014,17.36
Türkiye,MD per 10k,2015,17.74
Türkiye,MD per 10k,2016,17.88
Türkiye,MD per 10k,2017,18.27
Türkiye,MD per 10k,2018,18.49
Türkiye,MD per 10k,2019,19.26
Türkiye,MD per 10k,2020,20.36
Uganda,MD per 10k,2004,0.81
Uganda,MD per 10k,2005,1.2
Uganda,MD per 10k,2012,0.98
Uganda,MD per 10k,2015,0.97
Uganda,MD per 10k,2017,1.72
Uganda,MD per 10k,2018,4.14
Uganda,MD per 10k,2020,1.58
Ukraine,MD per 10k,2000,30.27
Ukraine,MD per 10k,2001,30.27
Ukraine,MD per 10k,2002,30.19
Ukraine,MD per 10k,2003,30.08
Ukraine,MD per 10k,2004,30.13
Ukraine,MD per 10k,2005,30.17
Ukraine,MD per 10k,2006,30.85
Ukraine,MD per 10k,2007,30.92
Ukraine,MD per 10k,2008,31.24
Ukraine,MD per 10k,2009,34.99
Ukraine,MD per 10k,2010,34.91
Ukraine,MD per 10k,2011,34.92
Ukraine,MD per 10k,2012,34.95
Ukraine,MD per 10k,2013,34.95
Ukraine,MD per 10k,2014,29.9
United Kingdom,MD per 10k,1990,16.18
United Kingdom,MD per 10k,1991,16.33
United Kingdom,MD per 10k,1992,16.46
United Kingdom,MD per 10k,1993,16.84
United Kingdom,MD per 10k,1994,16.98
United Kingdom,MD per 10k,1995,17.57
United Kingdom,MD per 10k,1996,17.98
United Kingdom,MD per 10k,1997,18.55
United Kingdom,MD per 10k,1998,18.99
United Kingdom,MD per 10k,1999,19.13
United Kingdom,MD per 10k,2000,19.94
United Kingdom,MD per 10k,2001,20.43
United Kingdom,MD per 10k,2002,21.14
United Kingdom,MD per 10k,2003,22.01
United Kingdom,MD per 10k,2004,23.31
United Kingdom,MD per 10k,2005,24.08
United Kingdom,MD per 10k,2006,24.6
United Kingdom,MD per 10k,2007,24.92
United Kingdom,MD per 10k,2008,25.71
United Kingdom,MD per 10k,2009,26.53
United Kingdom,MD per 10k,2010,26.56
United Kingdom,MD per 10k,2011,26.91
United Kingdom,MD per 10k,2012,26.97
United Kingdom,MD per 10k,2013,27.06
United Kingdom,MD per 10k,2014,27.42
United Kingdom,MD per 10k,2015,27.73
United Kingdom,MD per 10k,2016,27.83
United Kingdom,MD per 10k,2017,28.14
United Kingdom,MD per 10k,2018,28.34
United Kingdom,MD per 10k,2019,29.42
United Kingdom,MD per 10k,2020,30.41
United Kingdom,MD per 10k,2021,31.71
United States,MD per 10k,1995,24.34
United States,MD per 10k,2000,25.88
United States,MD per 10k,2004,27.0
United States,MD per 10k,2018,25.7
United States,MD per 10k,2019,35.18
United States,MD per 10k,2020,35.55
Uruguay,MD per 10k,2002,37.46
Uruguay,MD per 10k,2008,39.56
Uruguay,MD per 10k,2016,39.68
Uruguay,MD per 10k,2017,49.61
Uruguay,MD per 10k,2021,62.0
Uzbekistan,MD per 10k,1990,33.61
Uzbekistan,MD per 10k,1991,33.5
Uzbekistan,MD per 10k,1992,33.41
Uzbekistan,MD per 10k,1993,33.11
Uzbekistan,MD per 10k,1994,32.81
Uzbekistan,MD per 10k,1995,32.23
Uzbekistan,MD per 10k,1996,31.25
Uzbekistan,MD per 10k,1997,30.74
Uzbekistan,MD per 10k,1998,30.47
Uzbekistan,MD per 10k,2000,29.44
Uzbekistan,MD per 10k,2001,28.93
Uzbekistan,MD per 10k,2002,28.29
Uzbekistan,MD per 10k,2003,27.65
Uzbekistan,MD per 10k,2004,27.05
Uzbekistan,MD per 10k,2005,26.55
Uzbekistan,MD per 10k,2006,26.39
Uzbekistan,MD per 10k,2007,26.23
Uzbekistan,MD per 10k,2008,25.95
Uzbekistan,MD per 10k,2009,25.61
Uzbekistan,MD per 10k,2010,25.35
Uzbekistan,MD per 10k,2011,24.97
Uzbekistan,MD per 10k,2012,24.41
Uzbekistan,MD per 10k,2013,24.02
Uzbekistan,MD per 10k,2014,23.73
Vanuatu,MD per 10k,1997,1.12
Vanuatu,MD per 10k,2004,1.41
Vanuatu,MD per 10k,2007,1.14
Vanuatu,MD per 10k,2008,1.11
Vanuatu,MD per 10k,2012,1.79
Vanuatu,MD per 10k,2016,1.62
Vanuatu,MD per 10k,2019,1.58
Venezuela,MD per 10k,2001,19.29
Venezuela,MD per 10k,2017,16.64
Vietnam,MD per 10k,2001,5.3
Vietnam,MD per 10k,2002,5.58
Vietnam,MD per 10k,2005,6.19
Vietnam,MD per 10k,2006,6.29
Vietnam,MD per 10k,2007,6.47
Vietnam,MD per 10k,2008,6.7
Vietnam,MD per 10k,2009,7.03
Vietnam,MD per 10k,2010,7.15
Vietnam,MD per 10k,2012,8.26
Vietnam,MD per 10k,2014,7.87
Vietnam,MD per 10k,2015,8.01
Vietnam,MD per 10k,2016,8.33
Yemen,MD per 10k,1997,2.23
Yemen,MD per 10k,2004,3.25
Yemen,MD per 10k,2008,2.96
Yemen,MD per 10k,2009,2.97
Yemen,MD per 10k,2014,2.94
Zambia,MD per 10k,2004,1.34
Zambia,MD per 10k,2005,0.56
Zambia,MD per 10k,2006,0.54
Zambia,MD per 10k,2008,0.62
Zambia,MD per 10k,2009,0.6
Zambia,MD per 10k,2010,0.61
Zambia,MD per 10k,2016,0.9
Zambia,MD per 10k,2018,2.25
Zambia,MD per 10k,2019,2.39
Zambia,MD per 10k,2020,2.55
Zambia,MD per 10k,2021,2.97
Zimbabwe,MD per 10k,1990,1.31
Zimbabwe,MD per 10k,1995,1.48
Zimbabwe,MD per 10k,2000,1.27
Zimbabwe,MD per 10k,2004,1.72
Zimbabwe,MD per 10k,2005,1.24
Zimbabwe,MD per 10k,2009,1.2
Zimbabwe,MD per 10k,2010,1.26
Zimbabwe,MD per 10k,2011,0.81
Zimbabwe,MD per 10k,2012,0.8
Zimbabwe,MD per 10k,2013,0.82
Zimbabwe,MD per 10k,2014,1.22
Zimbabwe,MD per 10k,2015,1.77
Zimbabwe,MD per 10k,2016,1.74
Zimbabwe,MD per 10k,2017,1.79
Zimbabwe,MD per 10k,2018,2.01
Zimbabwe,MD per 10k,2020,1.89
